store_id,store_name,city,district,state,opening_date,store_type,area_sqft,manager_id,latitude,longitude
ST00001,Dmart Navi Mumbai - Mini-mart 1,Navi Mumbai,Thane,Maharashtra,2006-09-06,Mini-mart,9897,MGR0038,19.1091,73.071482
ST00002,Dmart Yavatmal - Hypermarket 2,Yavatmal,Yavatmal,Maharashtra,2014-05-05,Hypermarket,52512,MGR0370,20.411818,78.172042
ST00003,Dmart Chandrapur - Hypermarket 3,Chandrapur,Chandrapur,Maharashtra,2021-01-24,Hypermarket,40519,MGR0331,19.982566,79.337394
ST00004,Dmart Yavatmal - Express 4,Yavatmal,Yavatmal,Maharashtra,2017-10-21,Express,4625,MGR0078,20.383475,78.047409
ST00005,Dmart Chandrapur - Mini-mart 5,Chandrapur,Chandrapur,Maharashtra,2011-12-12,Mini-mart,14302,MGR0131,19.940774,79.291229
ST00006,Dmart Beed - Hypermarket 6,Beed,Beed,Maharashtra,2011-03-16,Hypermarket,31631,MGR0268,18.979044,75.813329
ST00007,Dmart Ratnagiri - Mini-mart 7,Ratnagiri,Ratnagiri,Maharashtra,2013-10-23,Mini-mart,12910,MGR0155,16.960532,73.329199
ST00008,Dmart Ratnagiri - Hypermarket 8,Ratnagiri,Ratnagiri,Maharashtra,2020-10-22,Hypermarket,29891,MGR0266,17.027226,73.344917
ST00009,Dmart Chandrapur - Mini-mart 9,Chandrapur,Chandrapur,Maharashtra,2009-02-12,Mini-mart,6335,MGR0267,19.956875,79.306538
ST00010,Dmart Navi Mumbai - Mini-mart 10,Navi Mumbai,Thane,Maharashtra,2006-07-22,Mini-mart,11088,MGR0122,18.957931,73.019575
ST00011,Dmart Bhandara - Mini-mart 11,Bhandara,Bhandara,Maharashtra,2005-03-23,Mini-mart,14933,MGR0024,21.131821,79.619075
ST00012,Dmart Latur - Mini-mart 12,Latur,Latur,Maharashtra,2023-08-12,Mini-mart,10545,MGR0163,18.459043,76.507116
ST00013,Dmart Kolhapur - Hypermarket 13,Kolhapur,Kolhapur,Maharashtra,2018-06-20,Hypermarket,25794,MGR0065,16.705167,74.18767
ST00014,Dmart Ahmednagar - Mini-mart 14,Ahmednagar,Ahmednagar,Maharashtra,2009-04-19,Mini-mart,7495,MGR0252,19.07309,74.683624
ST00015,Dmart Kolhapur - Express 15,Kolhapur,Kolhapur,Maharashtra,2014-09-13,Express,4680,MGR0107,16.780068,74.2879
ST00016,Dmart Solapur - Mini-mart 16,Solapur,Solapur,Maharashtra,2006-02-13,Mini-mart,12632,MGR0361,17.652824,75.858778
ST00017,Dmart Osmanabad - Mini-mart 17,Osmanabad,Osmanabad,Maharashtra,2013-11-01,Mini-mart,10922,MGR0303,18.221114,76.031035
ST00018,Dmart Amravati - Mini-mart 18,Amravati,Amravati,Maharashtra,2016-02-21,Mini-mart,6852,MGR0166,20.864058,77.778639
ST00019,Dmart Nashik - Hypermarket 19,Nashik,Nashik,Maharashtra,2008-08-22,Hypermarket,36545,MGR0069,20.065519,73.80277
ST00020,Dmart Dhule - Mini-mart 20,Dhule,Dhule,Maharashtra,2007-12-12,Mini-mart,8652,MGR0193,20.949438,74.708137
ST00021,Dmart Solapur - Mini-mart 21,Solapur,Solapur,Maharashtra,2008-07-15,Mini-mart,9970,MGR0189,17.622616,75.879451
ST00022,Dmart Chandrapur - Mini-mart 22,Chandrapur,Chandrapur,Maharashtra,2011-10-01,Mini-mart,8561,MGR0358,19.90394,79.304746
ST00023,Dmart Kolhapur - Mini-mart 23,Kolhapur,Kolhapur,Maharashtra,2009-08-20,Mini-mart,7069,MGR0291,16.747984,74.180539
ST00024,Dmart Satara - Hypermarket 24,Satara,Satara,Maharashtra,2007-07-15,Hypermarket,57060,MGR0148,17.733266,74.06762
ST00025,Dmart Palghar - Express 25,Palghar,Palghar,Maharashtra,2016-07-25,Express,2518,MGR0103,19.766667,72.711737
ST00026,Dmart Chandrapur - Mini-mart 26,Chandrapur,Chandrapur,Maharashtra,2007-11-03,Mini-mart,14724,MGR0299,20.024027,79.359051
ST00027,Dmart Pune - Mini-mart 27,Pune,Pune,Maharashtra,2011-08-12,Mini-mart,6199,MGR0150,18.455515,73.896186
ST00028,Dmart Akola - Express 28,Akola,Akola,Maharashtra,2005-02-02,Express,2343,MGR0332,20.644725,76.956883
ST00029,Dmart Sangli - Express 29,Sangli,Sangli,Maharashtra,2010-04-27,Express,2187,MGR0311,16.927892,74.581619
ST00030,Dmart Latur - Hypermarket 30,Latur,Latur,Maharashtra,2010-02-01,Hypermarket,30036,MGR0271,18.348293,76.561413
ST00031,Dmart Raigad - Mini-mart 31,Raigad,Raigad,Maharashtra,2021-10-01,Mini-mart,9753,MGR0286,18.554037,73.123169
ST00032,Dmart Latur - Express 32,Latur,Latur,Maharashtra,2023-04-04,Express,2891,MGR0195,18.434858,76.6333
ST00033,Dmart Jalgaon - Express 33,Jalgaon,Jalgaon,Maharashtra,2016-07-05,Express,1587,MGR0253,20.944644,75.505054
ST00034,Dmart Osmanabad - Express 34,Osmanabad,Osmanabad,Maharashtra,2008-12-20,Express,3586,MGR0321,18.180781,76.087462
ST00035,Dmart Buldhana - Hypermarket 35,Buldhana,Buldhana,Maharashtra,2009-10-13,Hypermarket,25624,MGR0093,20.534123,76.197863
ST00036,Dmart Raigad - Mini-mart 36,Raigad,Raigad,Maharashtra,2007-05-26,Mini-mart,8608,MGR0170,18.540109,73.240999
ST00037,Dmart Solapur - Hypermarket 37,Solapur,Solapur,Maharashtra,2023-09-23,Hypermarket,40886,MGR0326,17.596744,75.837049
ST00038,Dmart Ahmednagar - Hypermarket 38,Ahmednagar,Ahmednagar,Maharashtra,2011-04-25,Hypermarket,45805,MGR0058,19.162555,74.696085
ST00039,Dmart Pimpri-Chinchwad - Hypermarket 39,Pimpri-Chinchwad,Pune,Maharashtra,2015-01-20,Hypermarket,34965,MGR0023,18.577743,73.728241
ST00040,Dmart Latur - Mini-mart 40,Latur,Latur,Maharashtra,2020-04-27,Mini-mart,13227,MGR0202,18.468801,76.616581
ST00041,Dmart Chandrapur - Hypermarket 41,Chandrapur,Chandrapur,Maharashtra,2009-03-18,Hypermarket,26521,MGR0228,19.948102,79.223981
ST00042,Dmart Mumbai - Mini-mart 42,Mumbai,Mumbai City,Maharashtra,2006-11-03,Mini-mart,14041,MGR0021,19.143975,72.813558
ST00043,Dmart Nanded - Express 43,Nanded,Nanded,Maharashtra,2011-10-16,Express,4928,MGR0312,19.161097,77.365639
ST00044,Dmart Osmanabad - Mini-mart 44,Osmanabad,Osmanabad,Maharashtra,2023-11-23,Mini-mart,8907,MGR0185,18.167614,76.06423
ST00045,Dmart Aurangabad (Chh. Sambhajinagar) - Hypermarket 45,Aurangabad (Chh. Sambhajinagar),Aurangabad,Maharashtra,2008-06-17,Hypermarket,34326,MGR0093,19.855002,75.321923
ST00046,Dmart Osmanabad - Mini-mart 46,Osmanabad,Osmanabad,Maharashtra,2009-04-22,Mini-mart,7646,MGR0379,18.252616,76.038846
ST00047,Dmart Parbhani - Mini-mart 47,Parbhani,Parbhani,Maharashtra,2014-08-06,Mini-mart,14644,MGR0321,19.275636,76.781267
ST00048,Dmart Navi Mumbai - Express 48,Navi Mumbai,Thane,Maharashtra,2016-09-14,Express,2208,MGR0344,18.974136,73.048001
ST00049,Dmart Ratnagiri - Express 49,Ratnagiri,Ratnagiri,Maharashtra,2014-12-20,Express,1795,MGR0055,17.067821,73.348141
ST00050,Dmart Latur - Express 50,Latur,Latur,Maharashtra,2022-12-03,Express,4282,MGR0102,18.423212,76.495608
ST00051,Dmart Jalgaon - Hypermarket 51,Jalgaon,Jalgaon,Maharashtra,2005-07-13,Hypermarket,46565,MGR0186,21.011321,75.604828
ST00052,Dmart Raigad - Mini-mart 52,Raigad,Raigad,Maharashtra,2007-12-23,Mini-mart,8121,MGR0048,18.454537,73.116233
ST00053,Dmart Ahmednagar - Mini-mart 53,Ahmednagar,Ahmednagar,Maharashtra,2008-09-20,Mini-mart,14294,MGR0134,19.158939,74.791605
ST00054,Dmart Ratnagiri - Mini-mart 54,Ratnagiri,Ratnagiri,Maharashtra,2010-02-26,Mini-mart,10789,MGR0059,17.06418,73.290065
ST00055,Dmart Osmanabad - Express 55,Osmanabad,Osmanabad,Maharashtra,2023-12-10,Express,3435,MGR0312,18.182699,76.022118
ST00056,Dmart Ratnagiri - Express 56,Ratnagiri,Ratnagiri,Maharashtra,2013-02-08,Express,4829,MGR0340,17.016332,73.239507
ST00057,Dmart Ahmednagar - Mini-mart 57,Ahmednagar,Ahmednagar,Maharashtra,2006-06-20,Mini-mart,10900,MGR0330,19.062457,74.742968
ST00058,Dmart Kolhapur - Mini-mart 58,Kolhapur,Kolhapur,Maharashtra,2019-10-15,Mini-mart,10639,MGR0045,16.784526,74.303972
ST00059,Dmart Wardha - Express 59,Wardha,Wardha,Maharashtra,2017-12-01,Express,1872,MGR0266,20.76932,78.536671
ST00060,Dmart Wardha - Hypermarket 60,Wardha,Wardha,Maharashtra,2013-02-24,Hypermarket,56396,MGR0310,20.697013,78.667902
ST00061,Dmart Amravati - Hypermarket 61,Amravati,Amravati,Maharashtra,2007-01-23,Hypermarket,47969,MGR0242,20.985637,77.737768
ST00062,Dmart Amravati - Hypermarket 62,Amravati,Amravati,Maharashtra,2023-12-04,Hypermarket,54729,MGR0309,20.969099,77.833677
ST00063,Dmart Dhule - Hypermarket 63,Dhule,Dhule,Maharashtra,2018-07-15,Hypermarket,26405,MGR0298,20.925002,74.831081
ST00064,Dmart Dhule - Express 64,Dhule,Dhule,Maharashtra,2005-04-03,Express,2175,MGR0284,20.981033,74.792747
ST00065,Dmart Jalgaon - Mini-mart 65,Jalgaon,Jalgaon,Maharashtra,2009-11-13,Mini-mart,6039,MGR0284,20.9554,75.497275
ST00066,Dmart Parbhani - Express 66,Parbhani,Parbhani,Maharashtra,2015-10-07,Express,3104,MGR0254,19.281986,76.703221
ST00067,Dmart Aurangabad (Chh. Sambhajinagar) - Mini-mart 67,Aurangabad (Chh. Sambhajinagar),Aurangabad,Maharashtra,2015-09-07,Mini-mart,9765,MGR0260,19.946695,75.28705
ST00068,Dmart Dhule - Mini-mart 68,Dhule,Dhule,Maharashtra,2007-02-27,Mini-mart,14223,MGR0054,20.868692,74.743653
ST00069,Dmart Satara - Mini-mart 69,Satara,Satara,Maharashtra,2023-05-05,Mini-mart,9607,MGR0164,17.635321,74.032429
ST00070,Dmart Satara - Hypermarket 70,Satara,Satara,Maharashtra,2014-06-04,Hypermarket,36096,MGR0091,17.692093,74.028824
ST00071,Dmart Panvel - Mini-mart 71,Panvel,Raigad,Maharashtra,2016-04-07,Mini-mart,11284,MGR0315,18.997263,73.106527
ST00072,Dmart Jalgaon - Mini-mart 72,Jalgaon,Jalgaon,Maharashtra,2020-09-16,Mini-mart,14655,MGR0354,21.075069,75.563181
ST00073,Dmart Osmanabad - Express 73,Osmanabad,Osmanabad,Maharashtra,2014-11-11,Express,2600,MGR0198,18.124537,75.973429
ST00074,Dmart Buldhana - Hypermarket 74,Buldhana,Buldhana,Maharashtra,2015-05-14,Hypermarket,54469,MGR0070,20.499423,76.219731
ST00075,Dmart Jalna - Express 75,Jalna,Jalna,Maharashtra,2012-05-20,Express,4497,MGR0062,19.857134,75.825548
ST00076,Dmart Jalgaon - Express 76,Jalgaon,Jalgaon,Maharashtra,2013-10-12,Express,4984,MGR0125,21.037726,75.595465
ST00077,Dmart Parbhani - Mini-mart 77,Parbhani,Parbhani,Maharashtra,2017-03-21,Mini-mart,9002,MGR0210,19.2166,76.706545
ST00078,Dmart Latur - Express 78,Latur,Latur,Maharashtra,2008-11-22,Express,3445,MGR0396,18.351455,76.552119
ST00079,Dmart Nanded - Hypermarket 79,Nanded,Nanded,Maharashtra,2005-06-13,Hypermarket,38740,MGR0188,19.082408,77.269948
ST00080,Dmart Aurangabad (Chh. Sambhajinagar) - Hypermarket 80,Aurangabad (Chh. Sambhajinagar),Aurangabad,Maharashtra,2008-04-06,Hypermarket,56748,MGR0196,19.890031,75.342226
ST00081,Dmart Mumbai - Hypermarket 81,Mumbai,Mumbai City,Maharashtra,2021-08-16,Hypermarket,27944,MGR0260,19.103233,72.919764
ST00082,Dmart Satara - Mini-mart 82,Satara,Satara,Maharashtra,2021-05-26,Mini-mart,12693,MGR0337,17.677712,74.06128
ST00083,Dmart Yavatmal - Mini-mart 83,Yavatmal,Yavatmal,Maharashtra,2010-08-04,Mini-mart,9877,MGR0340,20.363295,78.120211
ST00084,Dmart Buldhana - Hypermarket 84,Buldhana,Buldhana,Maharashtra,2023-12-17,Hypermarket,43599,MGR0252,20.477601,76.155117
ST00085,Dmart Kolhapur - Hypermarket 85,Kolhapur,Kolhapur,Maharashtra,2018-06-12,Hypermarket,31706,MGR0123,16.720756,74.16447
ST00086,Dmart Latur - Express 86,Latur,Latur,Maharashtra,2018-12-22,Express,3718,MGR0248,18.405201,76.602229
ST00087,Dmart Ratnagiri - Express 87,Ratnagiri,Ratnagiri,Maharashtra,2016-10-13,Express,4871,MGR0346,16.932657,73.337186
ST00088,Dmart Beed - Mini-mart 88,Beed,Beed,Maharashtra,2012-12-03,Mini-mart,14653,MGR0393,18.955217,75.797501
ST00089,Dmart Bhandara - Mini-mart 89,Bhandara,Bhandara,Maharashtra,2010-01-14,Mini-mart,6042,MGR0311,21.165152,79.729786
ST00090,Dmart Buldhana - Express 90,Buldhana,Buldhana,Maharashtra,2006-10-18,Express,2940,MGR0034,20.538074,76.22923
ST00091,Dmart Solapur - Express 91,Solapur,Solapur,Maharashtra,2006-05-26,Express,1629,MGR0020,17.597385,75.934449
ST00092,Dmart Parbhani - Express 92,Parbhani,Parbhani,Maharashtra,2019-09-11,Express,4529,MGR0320,19.198234,76.717526
ST00093,Dmart Pune - Express 93,Pune,Pune,Maharashtra,2023-07-08,Express,1515,MGR0271,18.445137,73.840917
ST00094,Dmart Yavatmal - Mini-mart 94,Yavatmal,Yavatmal,Maharashtra,2012-11-15,Mini-mart,8291,MGR0139,20.445335,78.088231
ST00095,Dmart Yavatmal - Mini-mart 95,Yavatmal,Yavatmal,Maharashtra,2015-11-24,Mini-mart,7030,MGR0075,20.32237,78.095108
ST00096,Dmart Dhule - Express 96,Dhule,Dhule,Maharashtra,2017-04-21,Express,4995,MGR0163,20.846091,74.78688
ST00097,Dmart Nagpur - Express 97,Nagpur,Nagpur,Maharashtra,2006-05-14,Express,3583,MGR0366,21.145307,79.029699
ST00098,Dmart Pune - Hypermarket 98,Pune,Pune,Maharashtra,2015-01-09,Hypermarket,37788,MGR0181,18.541926,73.831627
ST00099,Dmart Dhule - Express 99,Dhule,Dhule,Maharashtra,2014-07-27,Express,4131,MGR0114,20.967719,74.732516
ST00100,Dmart Chandrapur - Express 100,Chandrapur,Chandrapur,Maharashtra,2023-09-06,Express,3353,MGR0236,19.98605,79.264001
ST00101,Dmart Buldhana - Mini-mart 101,Buldhana,Buldhana,Maharashtra,2011-11-01,Mini-mart,7596,MGR0114,20.539038,76.227616
ST00102,Dmart Panvel - Mini-mart 102,Panvel,Raigad,Maharashtra,2023-12-16,Mini-mart,13748,MGR0270,19.039742,73.181909
ST00103,Dmart Solapur - Hypermarket 103,Solapur,Solapur,Maharashtra,2011-02-12,Hypermarket,52565,MGR0261,17.732756,75.908437
ST00104,Dmart Raigad - Hypermarket 104,Raigad,Raigad,Maharashtra,2019-02-08,Hypermarket,40154,MGR0017,18.475171,73.112685
ST00105,Dmart Bhandara - Mini-mart 105,Bhandara,Bhandara,Maharashtra,2005-01-24,Mini-mart,13111,MGR0045,21.148321,79.581785
ST00106,Dmart Jalna - Hypermarket 106,Jalna,Jalna,Maharashtra,2014-05-07,Hypermarket,49436,MGR0167,19.761266,75.824331
ST00107,Dmart Latur - Hypermarket 107,Latur,Latur,Maharashtra,2010-06-01,Hypermarket,55196,MGR0133,18.397812,76.605293
ST00108,Dmart Dhule - Mini-mart 108,Dhule,Dhule,Maharashtra,2016-03-25,Mini-mart,8061,MGR0192,20.933521,74.73142
ST00109,Dmart Osmanabad - Express 109,Osmanabad,Osmanabad,Maharashtra,2014-06-24,Express,1669,MGR0284,18.130073,75.96948
ST00110,Dmart Kolhapur - Express 110,Kolhapur,Kolhapur,Maharashtra,2022-03-23,Express,1532,MGR0013,16.642701,74.262524
ST00111,Dmart Ahmednagar - Mini-mart 111,Ahmednagar,Ahmednagar,Maharashtra,2018-11-14,Mini-mart,8076,MGR0002,19.151739,74.768659
ST00112,Dmart Dhule - Express 112,Dhule,Dhule,Maharashtra,2010-04-07,Express,4494,MGR0367,20.896913,74.791448
ST00113,Dmart Raigad - Mini-mart 113,Raigad,Raigad,Maharashtra,2007-04-15,Mini-mart,12607,MGR0319,18.531917,73.136817
ST00114,Dmart Jalgaon - Mini-mart 114,Jalgaon,Jalgaon,Maharashtra,2021-01-20,Mini-mart,13409,MGR0139,20.930745,75.509078
ST00115,Dmart Wardha - Express 115,Wardha,Wardha,Maharashtra,2020-04-04,Express,4085,MGR0356,20.760313,78.542364
ST00116,Dmart Parbhani - Mini-mart 116,Parbhani,Parbhani,Maharashtra,2020-07-04,Mini-mart,6542,MGR0396,19.191041,76.682653
ST00117,Dmart Chandrapur - Mini-mart 117,Chandrapur,Chandrapur,Maharashtra,2015-11-03,Mini-mart,9493,MGR0352,19.967292,79.315587
ST00118,Dmart Nagpur - Hypermarket 118,Nagpur,Nagpur,Maharashtra,2007-04-10,Hypermarket,34561,MGR0265,21.199599,79.011106
ST00119,Dmart Thane - Hypermarket 119,Thane,Thane,Maharashtra,2020-04-17,Hypermarket,45849,MGR0244,19.226867,72.961487
ST00120,Dmart Parbhani - Express 120,Parbhani,Parbhani,Maharashtra,2010-10-20,Express,3484,MGR0393,19.257484,76.762333
ST00121,Dmart Palghar - Express 121,Palghar,Palghar,Maharashtra,2013-05-26,Express,3320,MGR0038,19.759245,72.748601
ST00122,Dmart Nagpur - Hypermarket 122,Nagpur,Nagpur,Maharashtra,2010-03-19,Hypermarket,48890,MGR0080,21.203237,79.154213
ST00123,Dmart Aurangabad (Chh. Sambhajinagar) - Mini-mart 123,Aurangabad (Chh. Sambhajinagar),Aurangabad,Maharashtra,2017-11-18,Mini-mart,13919,MGR0152,19.878923,75.381975
ST00124,Dmart Ratnagiri - Express 124,Ratnagiri,Ratnagiri,Maharashtra,2013-02-22,Express,3494,MGR0361,17.052892,73.347696
ST00125,Dmart Jalgaon - Hypermarket 125,Jalgaon,Jalgaon,Maharashtra,2013-01-06,Hypermarket,28495,MGR0391,20.988043,75.59769
ST00126,Dmart Raigad - Mini-mart 126,Raigad,Raigad,Maharashtra,2011-08-16,Mini-mart,11639,MGR0232,18.501262,73.198484
ST00127,Dmart Panvel - Mini-mart 127,Panvel,Raigad,Maharashtra,2011-05-10,Mini-mart,6609,MGR0158,18.930377,73.063559
ST00128,Dmart Amravati - Mini-mart 128,Amravati,Amravati,Maharashtra,2018-03-06,Mini-mart,6213,MGR0040,20.977961,77.840566
ST00129,Dmart Sangli - Hypermarket 129,Sangli,Sangli,Maharashtra,2014-07-02,Hypermarket,34733,MGR0187,16.81391,74.508728
ST00130,Dmart Mumbai - Express 130,Mumbai,Mumbai City,Maharashtra,2017-06-24,Express,3783,MGR0045,19.03639,72.844864
ST00131,Dmart Kolhapur - Express 131,Kolhapur,Kolhapur,Maharashtra,2006-12-17,Express,4655,MGR0392,16.77748,74.174792
ST00132,Dmart Latur - Mini-mart 132,Latur,Latur,Maharashtra,2013-02-23,Mini-mart,8001,MGR0338,18.427481,76.567178
ST00133,Dmart Jalgaon - Mini-mart 133,Jalgaon,Jalgaon,Maharashtra,2007-11-11,Mini-mart,10089,MGR0234,21.045321,75.529965
ST00134,Dmart Buldhana - Mini-mart 134,Buldhana,Buldhana,Maharashtra,2005-10-02,Mini-mart,6998,MGR0083,20.599846,76.120205
ST00135,Dmart Aurangabad (Chh. Sambhajinagar) - Hypermarket 135,Aurangabad (Chh. Sambhajinagar),Aurangabad,Maharashtra,2008-11-17,Hypermarket,56364,MGR0072,19.862371,75.335277
ST00136,Dmart Nagpur - Express 136,Nagpur,Nagpur,Maharashtra,2015-11-21,Express,4479,MGR0136,21.150736,79.047945
ST00137,Dmart Kolhapur - Hypermarket 137,Kolhapur,Kolhapur,Maharashtra,2006-11-01,Hypermarket,33567,MGR0311,16.707826,74.241797
ST00138,Dmart Dhule - Mini-mart 138,Dhule,Dhule,Maharashtra,2011-02-10,Mini-mart,13429,MGR0051,20.97656,74.772025
ST00139,Dmart Nanded - Hypermarket 139,Nanded,Nanded,Maharashtra,2023-03-05,Hypermarket,58362,MGR0102,19.063109,77.260033
ST00140,Dmart Nagpur - Mini-mart 140,Nagpur,Nagpur,Maharashtra,2006-06-27,Mini-mart,14238,MGR0160,21.150902,79.038158
ST00141,Dmart Nanded - Express 141,Nanded,Nanded,Maharashtra,2012-06-23,Express,4095,MGR0061,19.205607,77.295622
ST00142,Dmart Chandrapur - Mini-mart 142,Chandrapur,Chandrapur,Maharashtra,2017-08-02,Mini-mart,6513,MGR0300,20.008482,79.250013
ST00143,Dmart Nashik - Mini-mart 143,Nashik,Nashik,Maharashtra,2019-01-15,Mini-mart,8584,MGR0397,19.962443,73.71973
ST00144,Dmart Akola - Hypermarket 144,Akola,Akola,Maharashtra,2019-08-14,Hypermarket,41039,MGR0157,20.767696,76.979265
ST00145,Dmart Latur - Mini-mart 145,Latur,Latur,Maharashtra,2017-08-02,Mini-mart,8726,MGR0189,18.48081,76.535234
ST00146,Dmart Chandrapur - Mini-mart 146,Chandrapur,Chandrapur,Maharashtra,2016-01-27,Mini-mart,14875,MGR0180,20.024298,79.336039
ST00147,Dmart Solapur - Mini-mart 147,Solapur,Solapur,Maharashtra,2008-04-10,Mini-mart,12758,MGR0379,17.638514,75.944562
ST00148,Dmart Akola - Mini-mart 148,Akola,Akola,Maharashtra,2016-07-20,Mini-mart,7345,MGR0362,20.687288,77.031731
ST00149,Dmart Akola - Mini-mart 149,Akola,Akola,Maharashtra,2009-02-23,Mini-mart,10179,MGR0037,20.726998,77.033083
ST00150,Dmart Osmanabad - Hypermarket 150,Osmanabad,Osmanabad,Maharashtra,2020-03-05,Hypermarket,48201,MGR0311,18.243701,76.001369
ST00151,Dmart Raigad - Hypermarket 151,Raigad,Raigad,Maharashtra,2019-02-08,Hypermarket,48374,MGR0114,18.543758,73.247852
ST00152,Dmart Osmanabad - Mini-mart 152,Osmanabad,Osmanabad,Maharashtra,2019-12-16,Mini-mart,10913,MGR0244,18.146817,76.061977
ST00153,Dmart Navi Mumbai - Express 153,Navi Mumbai,Thane,Maharashtra,2013-09-15,Express,2898,MGR0010,19.01701,73.089717
ST00154,Dmart Palghar - Mini-mart 154,Palghar,Palghar,Maharashtra,2021-11-09,Mini-mart,7588,MGR0129,19.704028,72.763772
ST00155,Dmart Dhule - Mini-mart 155,Dhule,Dhule,Maharashtra,2012-11-26,Mini-mart,13282,MGR0369,20.959132,74.851413
ST00156,Dmart Mumbai - Express 156,Mumbai,Mumbai City,Maharashtra,2006-06-17,Express,4169,MGR0183,19.034436,72.900871
ST00157,Dmart Ratnagiri - Mini-mart 157,Ratnagiri,Ratnagiri,Maharashtra,2011-05-08,Mini-mart,10155,MGR0088,17.044969,73.357691
ST00158,Dmart Panvel - Hypermarket 158,Panvel,Raigad,Maharashtra,2013-10-04,Hypermarket,30869,MGR0335,18.931533,73.161394
ST00159,Dmart Satara - Mini-mart 159,Satara,Satara,Maharashtra,2010-03-26,Mini-mart,10055,MGR0062,17.668148,74.037447
ST00160,Dmart Jalna - Express 160,Jalna,Jalna,Maharashtra,2022-02-16,Express,1743,MGR0316,19.804301,75.947976
ST00161,Dmart Aurangabad (Chh. Sambhajinagar) - Hypermarket 161,Aurangabad (Chh. Sambhajinagar),Aurangabad,Maharashtra,2015-03-05,Hypermarket,48220,MGR0169,19.88455,75.343423
ST00162,Dmart Amravati - Mini-mart 162,Amravati,Amravati,Maharashtra,2005-12-01,Mini-mart,6011,MGR0207,20.872632,77.816055
ST00163,Dmart Pune - Mini-mart 163,Pune,Pune,Maharashtra,2008-06-06,Mini-mart,8672,MGR0021,18.547962,73.833234
ST00164,Dmart Kolhapur - Express 164,Kolhapur,Kolhapur,Maharashtra,2022-05-11,Express,4374,MGR0129,16.744811,74.291522
ST00165,Dmart Nagpur - Express 165,Nagpur,Nagpur,Maharashtra,2015-11-25,Express,2003,MGR0039,21.090364,79.093614
ST00166,Dmart Solapur - Hypermarket 166,Solapur,Solapur,Maharashtra,2006-06-23,Hypermarket,27363,MGR0310,17.585474,75.930761
ST00167,Dmart Osmanabad - Hypermarket 167,Osmanabad,Osmanabad,Maharashtra,2006-11-08,Hypermarket,53809,MGR0329,18.192231,76.092972
ST00168,Dmart Thane - Mini-mart 168,Thane,Thane,Maharashtra,2016-04-09,Mini-mart,10910,MGR0301,19.218969,73.018143
ST00169,Dmart Yavatmal - Mini-mart 169,Yavatmal,Yavatmal,Maharashtra,2016-03-18,Mini-mart,9704,MGR0300,20.327826,78.054157
ST00170,Dmart Kolhapur - Hypermarket 170,Kolhapur,Kolhapur,Maharashtra,2006-05-19,Hypermarket,31170,MGR0396,16.646954,74.267866
ST00171,Dmart Nagpur - Mini-mart 171,Nagpur,Nagpur,Maharashtra,2023-12-26,Mini-mart,7652,MGR0349,21.096568,79.043528
ST00172,Dmart Ahmednagar - Mini-mart 172,Ahmednagar,Ahmednagar,Maharashtra,2005-07-21,Mini-mart,8267,MGR0220,19.147768,74.783285
ST00173,Dmart Dhule - Hypermarket 173,Dhule,Dhule,Maharashtra,2012-06-17,Hypermarket,25930,MGR0104,20.891185,74.816166
ST00174,Dmart Pune - Mini-mart 174,Pune,Pune,Maharashtra,2019-04-04,Mini-mart,7419,MGR0209,18.49076,73.866955
ST00175,Dmart Ratnagiri - Hypermarket 175,Ratnagiri,Ratnagiri,Maharashtra,2005-03-17,Hypermarket,48682,MGR0357,17.017807,73.247514
ST00176,Dmart Nanded - Mini-mart 176,Nanded,Nanded,Maharashtra,2020-12-13,Mini-mart,13470,MGR0024,19.092729,77.334723
ST00177,Dmart Dhule - Mini-mart 177,Dhule,Dhule,Maharashtra,2021-02-12,Mini-mart,6242,MGR0083,20.891837,74.723082
ST00178,Dmart Navi Mumbai - Express 178,Navi Mumbai,Thane,Maharashtra,2011-05-07,Express,2621,MGR0023,19.010179,72.992069
ST00179,Dmart Raigad - Hypermarket 179,Raigad,Raigad,Maharashtra,2005-12-19,Hypermarket,46366,MGR0040,18.452984,73.120652
ST00180,Dmart Dhule - Hypermarket 180,Dhule,Dhule,Maharashtra,2023-10-03,Hypermarket,46684,MGR0328,20.90837,74.854368
ST00181,Dmart Dhule - Mini-mart 181,Dhule,Dhule,Maharashtra,2013-12-03,Mini-mart,6560,MGR0231,20.953191,74.722155
ST00182,Dmart Beed - Mini-mart 182,Beed,Beed,Maharashtra,2010-12-26,Mini-mart,10777,MGR0152,18.972704,75.77366
ST00183,Dmart Ahmednagar - Mini-mart 183,Ahmednagar,Ahmednagar,Maharashtra,2023-02-22,Mini-mart,7951,MGR0346,19.109493,74.726988
ST00184,Dmart Wardha - Mini-mart 184,Wardha,Wardha,Maharashtra,2012-12-22,Mini-mart,13206,MGR0373,20.727939,78.574882
ST00185,Dmart Solapur - Mini-mart 185,Solapur,Solapur,Maharashtra,2010-08-10,Mini-mart,9453,MGR0222,17.631214,75.881717
ST00186,Dmart Navi Mumbai - Hypermarket 186,Navi Mumbai,Thane,Maharashtra,2014-09-27,Hypermarket,38250,MGR0156,18.987326,73.039728
ST00187,Dmart Parbhani - Mini-mart 187,Parbhani,Parbhani,Maharashtra,2023-12-05,Mini-mart,10735,MGR0239,19.297432,76.688412
ST00188,Dmart Wardha - Mini-mart 188,Wardha,Wardha,Maharashtra,2022-07-27,Mini-mart,6935,MGR0002,20.671467,78.631067
ST00189,Dmart Raigad - Hypermarket 189,Raigad,Raigad,Maharashtra,2007-11-07,Hypermarket,44693,MGR0199,18.510321,73.103076
ST00190,Dmart Panvel - Mini-mart 190,Panvel,Raigad,Maharashtra,2023-05-23,Mini-mart,13925,MGR0226,18.952655,73.063194
ST00191,Dmart Latur - Mini-mart 191,Latur,Latur,Maharashtra,2009-12-03,Mini-mart,7933,MGR0385,18.465703,76.510417
ST00192,Dmart Raigad - Express 192,Raigad,Raigad,Maharashtra,2007-02-11,Express,2810,MGR0324,18.512882,73.192503
ST00193,Dmart Ratnagiri - Mini-mart 193,Ratnagiri,Ratnagiri,Maharashtra,2022-05-04,Mini-mart,14190,MGR0167,16.933344,73.34716
ST00194,Dmart Aurangabad (Chh. Sambhajinagar) - Mini-mart 194,Aurangabad (Chh. Sambhajinagar),Aurangabad,Maharashtra,2018-11-02,Mini-mart,12354,MGR0010,19.879473,75.337488
ST00195,Dmart Latur - Hypermarket 195,Latur,Latur,Maharashtra,2007-05-22,Hypermarket,49154,MGR0247,18.335215,76.554276
ST00196,Dmart Palghar - Hypermarket 196,Palghar,Palghar,Maharashtra,2015-03-14,Hypermarket,43278,MGR0138,19.63239,72.836971
ST00197,Dmart Nashik - Express 197,Nashik,Nashik,Maharashtra,2009-01-16,Express,4910,MGR0261,20.056925,73.811278
ST00198,Dmart Sangli - Mini-mart 198,Sangli,Sangli,Maharashtra,2008-07-10,Mini-mart,9279,MGR0397,16.925793,74.507964
ST00199,Dmart Nashik - Mini-mart 199,Nashik,Nashik,Maharashtra,2012-01-09,Mini-mart,10698,MGR0374,20.051496,73.728601
ST00200,Dmart Amravati - Express 200,Amravati,Amravati,Maharashtra,2018-07-02,Express,2045,MGR0366,20.948192,77.763157
ST00201,Dmart Beed - Hypermarket 201,Beed,Beed,Maharashtra,2010-04-22,Hypermarket,40575,MGR0076,18.954868,75.8344
ST00202,Dmart Nashik - Express 202,Nashik,Nashik,Maharashtra,2015-10-04,Express,3977,MGR0390,20.052245,73.860741
ST00203,Dmart Ratnagiri - Express 203,Ratnagiri,Ratnagiri,Maharashtra,2012-07-27,Express,3409,MGR0359,17.069889,73.332774
ST00204,Dmart Parbhani - Mini-mart 204,Parbhani,Parbhani,Maharashtra,2010-05-06,Mini-mart,13762,MGR0157,19.204761,76.69239
ST00205,Dmart Panvel - Mini-mart 205,Panvel,Raigad,Maharashtra,2020-08-03,Mini-mart,7742,MGR0015,18.934604,73.070431
ST00206,Dmart Amravati - Hypermarket 206,Amravati,Amravati,Maharashtra,2017-12-24,Hypermarket,59150,MGR0390,20.895218,77.707459
ST00207,Dmart Sangli - Hypermarket 207,Sangli,Sangli,Maharashtra,2007-07-10,Hypermarket,30376,MGR0365,16.858355,74.601658
ST00208,Dmart Beed - Express 208,Beed,Beed,Maharashtra,2017-11-17,Express,3662,MGR0379,18.964764,75.694593
ST00209,Dmart Ahmednagar - Mini-mart 209,Ahmednagar,Ahmednagar,Maharashtra,2021-05-09,Mini-mart,11588,MGR0308,19.101676,74.698849
ST00210,Dmart Satara - Mini-mart 210,Satara,Satara,Maharashtra,2008-06-22,Mini-mart,7567,MGR0092,17.716005,73.96532
ST00211,Dmart Yavatmal - Hypermarket 211,Yavatmal,Yavatmal,Maharashtra,2016-06-15,Hypermarket,57783,MGR0208,20.390111,78.110267
ST00212,Dmart Solapur - Mini-mart 212,Solapur,Solapur,Maharashtra,2022-06-27,Mini-mart,10613,MGR0027,17.674773,75.862875
ST00213,Dmart Osmanabad - Hypermarket 213,Osmanabad,Osmanabad,Maharashtra,2005-06-14,Hypermarket,47316,MGR0358,18.18209,75.971553
ST00214,Dmart Beed - Mini-mart 214,Beed,Beed,Maharashtra,2022-06-13,Mini-mart,12728,MGR0255,19.046097,75.78107
ST00215,Dmart Amravati - Mini-mart 215,Amravati,Amravati,Maharashtra,2022-12-20,Mini-mart,13002,MGR0148,20.925413,77.82954
ST00216,Dmart Sangli - Express 216,Sangli,Sangli,Maharashtra,2015-03-17,Express,3108,MGR0298,16.793385,74.533273
ST00217,Dmart Sangli - Express 217,Sangli,Sangli,Maharashtra,2018-04-16,Express,4631,MGR0045,16.925367,74.526208
ST00218,Dmart Amravati - Mini-mart 218,Amravati,Amravati,Maharashtra,2008-11-20,Mini-mart,8952,MGR0304,20.970705,77.727629
ST00219,Dmart Parbhani - Mini-mart 219,Parbhani,Parbhani,Maharashtra,2012-04-07,Mini-mart,13219,MGR0124,19.210764,76.768038
ST00220,Dmart Nanded - Hypermarket 220,Nanded,Nanded,Maharashtra,2009-10-16,Hypermarket,49675,MGR0299,19.188712,77.312719
ST00221,Dmart Dhule - Hypermarket 221,Dhule,Dhule,Maharashtra,2008-03-07,Hypermarket,53719,MGR0187,20.88693,74.733448
ST00222,Dmart Raigad - Mini-mart 222,Raigad,Raigad,Maharashtra,2011-02-01,Mini-mart,7651,MGR0176,18.484274,73.161284
ST00223,Dmart Jalna - Express 223,Jalna,Jalna,Maharashtra,2011-06-17,Express,4755,MGR0257,19.899748,75.966213
ST00224,Dmart Ahmednagar - Express 224,Ahmednagar,Ahmednagar,Maharashtra,2014-10-10,Express,4680,MGR0184,19.028185,74.672129
ST00225,Dmart Panvel - Mini-mart 225,Panvel,Raigad,Maharashtra,2013-07-21,Mini-mart,10427,MGR0221,19.043258,73.054885
ST00226,Dmart Yavatmal - Express 226,Yavatmal,Yavatmal,Maharashtra,2019-12-19,Express,4467,MGR0349,20.451184,78.090696
ST00227,Dmart Pimpri-Chinchwad - Mini-mart 227,Pimpri-Chinchwad,Pune,Maharashtra,2016-12-12,Mini-mart,13399,MGR0138,18.63892,73.767108
ST00228,Dmart Nashik - Hypermarket 228,Nashik,Nashik,Maharashtra,2016-12-21,Hypermarket,30942,MGR0161,20.050959,73.818813
ST00229,Dmart Wardha - Hypermarket 229,Wardha,Wardha,Maharashtra,2023-04-25,Hypermarket,31717,MGR0365,20.687709,78.630633
ST00230,Dmart Bhandara - Hypermarket 230,Bhandara,Bhandara,Maharashtra,2011-12-16,Hypermarket,53506,MGR0106,21.155593,79.641302
ST00231,Dmart Yavatmal - Express 231,Yavatmal,Yavatmal,Maharashtra,2015-05-20,Express,4201,MGR0334,20.342892,78.041089
ST00232,Dmart Panvel - Express 232,Panvel,Raigad,Maharashtra,2008-03-25,Express,1635,MGR0208,19.038991,73.051747
ST00233,Dmart Pimpri-Chinchwad - Express 233,Pimpri-Chinchwad,Pune,Maharashtra,2009-03-05,Express,2800,MGR0079,18.615408,73.796407
ST00234,Dmart Osmanabad - Mini-mart 234,Osmanabad,Osmanabad,Maharashtra,2007-12-05,Mini-mart,12647,MGR0165,18.170537,76.109636
ST00235,Dmart Navi Mumbai - Express 235,Navi Mumbai,Thane,Maharashtra,2023-02-12,Express,4141,MGR0187,18.98509,72.97936
ST00236,Dmart Akola - Mini-mart 236,Akola,Akola,Maharashtra,2009-11-15,Mini-mart,7730,MGR0321,20.662765,76.972062
ST00237,Dmart Pune - Hypermarket 237,Pune,Pune,Maharashtra,2014-05-26,Hypermarket,33915,MGR0090,18.575867,73.840571
ST00238,Dmart Solapur - Hypermarket 238,Solapur,Solapur,Maharashtra,2013-10-05,Hypermarket,26229,MGR0085,17.726683,75.96256
ST00239,Dmart Aurangabad (Chh. Sambhajinagar) - Hypermarket 239,Aurangabad (Chh. Sambhajinagar),Aurangabad,Maharashtra,2021-11-15,Hypermarket,54693,MGR0123,19.895227,75.384895
ST00240,Dmart Satara - Express 240,Satara,Satara,Maharashtra,2007-09-27,Express,4784,MGR0177,17.740769,74.022693
ST00241,Dmart Bhandara - Express 241,Bhandara,Bhandara,Maharashtra,2016-04-12,Express,4122,MGR0048,21.124934,79.65256
ST00242,Dmart Wardha - Mini-mart 242,Wardha,Wardha,Maharashtra,2020-10-26,Mini-mart,13719,MGR0365,20.704776,78.640044
ST00243,Dmart Amravati - Mini-mart 243,Amravati,Amravati,Maharashtra,2011-10-13,Mini-mart,13170,MGR0384,20.972894,77.846458
ST00244,Dmart Nagpur - Mini-mart 244,Nagpur,Nagpur,Maharashtra,2017-06-02,Mini-mart,9199,MGR0394,21.080809,79.07418
ST00245,Dmart Satara - Mini-mart 245,Satara,Satara,Maharashtra,2016-05-17,Mini-mart,10649,MGR0392,17.741865,73.986511
ST00246,Dmart Aurangabad (Chh. Sambhajinagar) - Mini-mart 246,Aurangabad (Chh. Sambhajinagar),Aurangabad,Maharashtra,2010-08-26,Mini-mart,8118,MGR0332,19.800112,75.298525
ST00247,Dmart Raigad - Mini-mart 247,Raigad,Raigad,Maharashtra,2014-01-13,Mini-mart,11448,MGR0139,18.574216,73.107143
ST00248,Dmart Nanded - Express 248,Nanded,Nanded,Maharashtra,2011-09-15,Express,1678,MGR0103,19.196957,77.360371
ST00249,Dmart Osmanabad - Hypermarket 249,Osmanabad,Osmanabad,Maharashtra,2012-10-22,Hypermarket,55999,MGR0099,18.142919,75.966249
ST00250,Dmart Kolhapur - Express 250,Kolhapur,Kolhapur,Maharashtra,2012-09-26,Express,3724,MGR0213,16.701181,74.235225
ST00251,Dmart Thane - Hypermarket 251,Thane,Thane,Maharashtra,2020-10-02,Hypermarket,47415,MGR0140,19.230877,72.920664
ST00252,Dmart Solapur - Express 252,Solapur,Solapur,Maharashtra,2020-04-23,Express,4726,MGR0068,17.613784,75.8408
ST00253,Dmart Nagpur - Hypermarket 253,Nagpur,Nagpur,Maharashtra,2006-01-01,Hypermarket,29203,MGR0053,21.198161,79.101038
ST00254,Dmart Navi Mumbai - Mini-mart 254,Navi Mumbai,Thane,Maharashtra,2010-08-12,Mini-mart,9683,MGR0209,19.06704,73.021283
ST00255,Dmart Yavatmal - Mini-mart 255,Yavatmal,Yavatmal,Maharashtra,2012-10-22,Mini-mart,6614,MGR0105,20.333365,78.079816
ST00256,Dmart Beed - Mini-mart 256,Beed,Beed,Maharashtra,2017-11-24,Mini-mart,14576,MGR0032,19.031504,75.729326
ST00257,Dmart Parbhani - Mini-mart 257,Parbhani,Parbhani,Maharashtra,2007-04-27,Mini-mart,11854,MGR0227,19.236773,76.768686
ST00258,Dmart Amravati - Mini-mart 258,Amravati,Amravati,Maharashtra,2022-02-09,Mini-mart,7396,MGR0277,20.96536,77.808814
ST00259,Dmart Satara - Mini-mart 259,Satara,Satara,Maharashtra,2013-02-27,Mini-mart,6463,MGR0089,17.671054,74.057165
ST00260,Dmart Parbhani - Express 260,Parbhani,Parbhani,Maharashtra,2005-10-26,Express,3410,MGR0189,19.270271,76.779155
ST00261,Dmart Osmanabad - Mini-mart 261,Osmanabad,Osmanabad,Maharashtra,2017-08-27,Mini-mart,14630,MGR0295,18.117496,76.04441
ST00262,Dmart Wardha - Express 262,Wardha,Wardha,Maharashtra,2015-06-27,Express,3227,MGR0384,20.737392,78.551142
ST00263,Dmart Latur - Hypermarket 263,Latur,Latur,Maharashtra,2017-06-10,Hypermarket,32592,MGR0307,18.446155,76.485544
ST00264,Dmart Nashik - Hypermarket 264,Nashik,Nashik,Maharashtra,2023-03-11,Hypermarket,44949,MGR0251,19.969698,73.81245
ST00265,Dmart Amravati - Express 265,Amravati,Amravati,Maharashtra,2009-11-26,Express,2307,MGR0200,20.978375,77.835557
ST00266,Dmart Sangli - Hypermarket 266,Sangli,Sangli,Maharashtra,2011-04-19,Hypermarket,59959,MGR0105,16.865591,74.660464
ST00267,Dmart Mumbai - Mini-mart 267,Mumbai,Mumbai City,Maharashtra,2018-11-11,Mini-mart,9068,MGR0373,19.028618,72.882267
ST00268,Dmart Wardha - Mini-mart 268,Wardha,Wardha,Maharashtra,2009-12-13,Mini-mart,14448,MGR0394,20.810277,78.649952
ST00269,Dmart Palghar - Mini-mart 269,Palghar,Palghar,Maharashtra,2006-07-05,Mini-mart,11732,MGR0202,19.718767,72.750732
ST00270,Dmart Wardha - Mini-mart 270,Wardha,Wardha,Maharashtra,2015-02-12,Mini-mart,9816,MGR0076,20.801383,78.593605
ST00271,Dmart Thane - Express 271,Thane,Thane,Maharashtra,2008-01-27,Express,3438,MGR0127,19.16662,73.00304
ST00272,Dmart Jalna - Hypermarket 272,Jalna,Jalna,Maharashtra,2022-07-22,Hypermarket,34626,MGR0009,19.896807,75.831264
ST00273,Dmart Jalgaon - Mini-mart 273,Jalgaon,Jalgaon,Maharashtra,2012-01-13,Mini-mart,12073,MGR0321,21.070588,75.484363
ST00274,Dmart Chandrapur - Express 274,Chandrapur,Chandrapur,Maharashtra,2017-02-25,Express,3423,MGR0081,19.987098,79.332071
ST00275,Dmart Nashik - Express 275,Nashik,Nashik,Maharashtra,2015-04-25,Express,3229,MGR0191,19.975047,73.745707
ST00276,Dmart Osmanabad - Mini-mart 276,Osmanabad,Osmanabad,Maharashtra,2011-01-09,Mini-mart,10338,MGR0176,18.209042,76.059565
ST00277,Dmart Ratnagiri - Express 277,Ratnagiri,Ratnagiri,Maharashtra,2005-02-24,Express,3990,MGR0190,17.010945,73.259291
ST00278,Dmart Nagpur - Hypermarket 278,Nagpur,Nagpur,Maharashtra,2008-05-03,Hypermarket,26489,MGR0071,21.197706,79.15631
ST00279,Dmart Latur - Express 279,Latur,Latur,Maharashtra,2010-12-14,Express,1562,MGR0380,18.330728,76.602483
ST00280,Dmart Yavatmal - Express 280,Yavatmal,Yavatmal,Maharashtra,2008-07-22,Express,4897,MGR0032,20.444766,78.138613
ST00281,Dmart Palghar - Mini-mart 281,Palghar,Palghar,Maharashtra,2014-02-18,Mini-mart,11743,MGR0296,19.628903,72.802165
ST00282,Dmart Nagpur - Mini-mart 282,Nagpur,Nagpur,Maharashtra,2015-04-26,Mini-mart,12504,MGR0387,21.1831,79.067238
ST00283,Dmart Bhandara - Hypermarket 283,Bhandara,Bhandara,Maharashtra,2016-12-15,Hypermarket,31118,MGR0293,21.121239,79.70963
ST00284,Dmart Wardha - Express 284,Wardha,Wardha,Maharashtra,2016-08-13,Express,2345,MGR0370,20.706563,78.633068
ST00285,Dmart Ratnagiri - Hypermarket 285,Ratnagiri,Ratnagiri,Maharashtra,2017-09-24,Hypermarket,59555,MGR0136,16.925799,73.296049
ST00286,Dmart Parbhani - Mini-mart 286,Parbhani,Parbhani,Maharashtra,2005-11-20,Mini-mart,10603,MGR0208,19.325237,76.751422
ST00287,Dmart Beed - Mini-mart 287,Beed,Beed,Maharashtra,2011-11-19,Mini-mart,7707,MGR0196,18.931762,75.70453
ST00288,Dmart Nagpur - Hypermarket 288,Nagpur,Nagpur,Maharashtra,2013-02-06,Hypermarket,49063,MGR0176,21.132097,79.0917
ST00289,Dmart Solapur - Hypermarket 289,Solapur,Solapur,Maharashtra,2010-05-09,Hypermarket,34787,MGR0260,17.597287,75.828604
ST00290,Dmart Dhule - Mini-mart 290,Dhule,Dhule,Maharashtra,2019-10-01,Mini-mart,8913,MGR0151,20.909071,74.789862
ST00291,Dmart Pimpri-Chinchwad - Mini-mart 291,Pimpri-Chinchwad,Pune,Maharashtra,2021-06-20,Mini-mart,12808,MGR0041,18.675051,73.870485
ST00292,Dmart Kolhapur - Mini-mart 292,Kolhapur,Kolhapur,Maharashtra,2022-04-21,Mini-mart,8224,MGR0315,16.726177,74.311966
ST00293,Dmart Bhandara - Hypermarket 293,Bhandara,Bhandara,Maharashtra,2023-07-15,Hypermarket,59335,MGR0059,21.140606,79.730124
ST00294,Dmart Nashik - Mini-mart 294,Nashik,Nashik,Maharashtra,2014-04-01,Mini-mart,6926,MGR0192,20.073987,73.78578
ST00295,Dmart Mumbai - Hypermarket 295,Mumbai,Mumbai City,Maharashtra,2023-04-22,Hypermarket,29582,MGR0202,19.010512,72.865485
ST00296,Dmart Mumbai - Mini-mart 296,Mumbai,Mumbai City,Maharashtra,2023-04-24,Mini-mart,14882,MGR0202,19.133525,72.86942
ST00297,Dmart Pimpri-Chinchwad - Express 297,Pimpri-Chinchwad,Pune,Maharashtra,2011-07-25,Express,2864,MGR0390,18.579637,73.767924
ST00298,Dmart Nashik - Mini-mart 298,Nashik,Nashik,Maharashtra,2018-09-13,Mini-mart,11067,MGR0073,20.02547,73.751956
ST00299,Dmart Jalgaon - Mini-mart 299,Jalgaon,Jalgaon,Maharashtra,2013-06-18,Mini-mart,8731,MGR0145,21.06412,75.574112
ST00300,Dmart Solapur - Express 300,Solapur,Solapur,Maharashtra,2019-01-16,Express,2699,MGR0198,17.59973,75.864555
ST00301,Dmart Wardha - Hypermarket 301,Wardha,Wardha,Maharashtra,2022-12-07,Hypermarket,51148,MGR0243,20.778957,78.636374
ST00302,Dmart Wardha - Mini-mart 302,Wardha,Wardha,Maharashtra,2007-07-23,Mini-mart,10740,MGR0213,20.693766,78.620298
ST00303,Dmart Sangli - Express 303,Sangli,Sangli,Maharashtra,2009-01-26,Express,2426,MGR0044,16.81084,74.545325
ST00304,Dmart Nanded - Mini-mart 304,Nanded,Nanded,Maharashtra,2022-05-12,Mini-mart,8456,MGR0154,19.112541,77.293468
ST00305,Dmart Kolhapur - Hypermarket 305,Kolhapur,Kolhapur,Maharashtra,2010-10-17,Hypermarket,28140,MGR0396,16.773564,74.243975
ST00306,Dmart Beed - Mini-mart 306,Beed,Beed,Maharashtra,2006-10-20,Mini-mart,6299,MGR0337,19.052381,75.749596
ST00307,Dmart Pune - Express 307,Pune,Pune,Maharashtra,2006-12-14,Express,2579,MGR0038,18.599483,73.899915
ST00308,Dmart Thane - Mini-mart 308,Thane,Thane,Maharashtra,2017-10-20,Mini-mart,7200,MGR0319,19.234686,73.035198
ST00309,Dmart Sangli - Mini-mart 309,Sangli,Sangli,Maharashtra,2021-01-18,Mini-mart,14809,MGR0179,16.814834,74.564338
ST00310,Dmart Buldhana - Express 310,Buldhana,Buldhana,Maharashtra,2021-11-25,Express,2446,MGR0170,20.501649,76.181302
ST00311,Dmart Thane - Mini-mart 311,Thane,Thane,Maharashtra,2005-02-21,Mini-mart,9370,MGR0141,19.228826,72.964245
ST00312,Dmart Ahmednagar - Mini-mart 312,Ahmednagar,Ahmednagar,Maharashtra,2005-10-14,Mini-mart,12025,MGR0387,19.149302,74.692337
ST00313,Dmart Raigad - Hypermarket 313,Raigad,Raigad,Maharashtra,2010-08-09,Hypermarket,43426,MGR0106,18.584536,73.12063
ST00314,Dmart Sangli - Express 314,Sangli,Sangli,Maharashtra,2011-08-05,Express,1705,MGR0326,16.783204,74.583459
ST00315,Dmart Amravati - Mini-mart 315,Amravati,Amravati,Maharashtra,2012-12-08,Mini-mart,9411,MGR0357,20.887156,77.751323
ST00316,Dmart Pune - Express 316,Pune,Pune,Maharashtra,2013-02-20,Express,3049,MGR0042,18.600362,73.849556
ST00317,Dmart Kolhapur - Mini-mart 317,Kolhapur,Kolhapur,Maharashtra,2022-02-25,Mini-mart,12937,MGR0046,16.773741,74.314899
ST00318,Dmart Sangli - Mini-mart 318,Sangli,Sangli,Maharashtra,2019-05-09,Mini-mart,12145,MGR0076,16.91614,74.542029
ST00319,Dmart Ahmednagar - Hypermarket 319,Ahmednagar,Ahmednagar,Maharashtra,2007-08-03,Hypermarket,49684,MGR0136,19.120074,74.684643
ST00320,Dmart Beed - Express 320,Beed,Beed,Maharashtra,2014-02-23,Express,4566,MGR0128,18.968035,75.766048
ST00321,Dmart Dhule - Hypermarket 321,Dhule,Dhule,Maharashtra,2015-04-18,Hypermarket,35390,MGR0154,20.855714,74.736803
ST00322,Dmart Amravati - Mini-mart 322,Amravati,Amravati,Maharashtra,2018-07-27,Mini-mart,8200,MGR0308,20.918019,77.793603
ST00323,Dmart Solapur - Mini-mart 323,Solapur,Solapur,Maharashtra,2022-10-10,Mini-mart,7106,MGR0024,17.648556,75.938131
ST00324,Dmart Chandrapur - Mini-mart 324,Chandrapur,Chandrapur,Maharashtra,2013-07-01,Mini-mart,6169,MGR0051,20.001743,79.297328
ST00325,Dmart Navi Mumbai - Express 325,Navi Mumbai,Thane,Maharashtra,2022-08-13,Express,3701,MGR0302,19.087793,73.088749
ST00326,Dmart Thane - Mini-mart 326,Thane,Thane,Maharashtra,2007-11-21,Mini-mart,12380,MGR0259,19.205536,72.928197
ST00327,Dmart Jalna - Express 327,Jalna,Jalna,Maharashtra,2018-02-14,Express,2215,MGR0355,19.883274,75.838367
ST00328,Dmart Solapur - Express 328,Solapur,Solapur,Maharashtra,2016-08-06,Express,3978,MGR0123,17.62776,75.832724
ST00329,Dmart Navi Mumbai - Hypermarket 329,Navi Mumbai,Thane,Maharashtra,2023-09-27,Hypermarket,50496,MGR0379,19.07404,73.025162
ST00330,Dmart Aurangabad (Chh. Sambhajinagar) - Mini-mart 330,Aurangabad (Chh. Sambhajinagar),Aurangabad,Maharashtra,2019-07-16,Mini-mart,6831,MGR0173,19.891907,75.406999
ST00331,Dmart Satara - Hypermarket 331,Satara,Satara,Maharashtra,2005-03-21,Hypermarket,59825,MGR0141,17.646496,73.966226
ST00332,Dmart Pune - Mini-mart 332,Pune,Pune,Maharashtra,2021-01-26,Mini-mart,11539,MGR0027,18.504924,73.789544
ST00333,Dmart Amravati - Express 333,Amravati,Amravati,Maharashtra,2007-03-04,Express,2231,MGR0229,20.93708,77.79247
ST00334,Dmart Pimpri-Chinchwad - Express 334,Pimpri-Chinchwad,Pune,Maharashtra,2018-06-03,Express,1985,MGR0276,18.688718,73.778831
ST00335,Dmart Chandrapur - Hypermarket 335,Chandrapur,Chandrapur,Maharashtra,2018-01-14,Hypermarket,44871,MGR0291,19.92759,79.331899
ST00336,Dmart Mumbai - Express 336,Mumbai,Mumbai City,Maharashtra,2006-02-09,Express,4424,MGR0010,19.005006,72.934281
ST00337,Dmart Osmanabad - Mini-mart 337,Osmanabad,Osmanabad,Maharashtra,2010-10-24,Mini-mart,12911,MGR0196,18.186106,76.120155
ST00338,Dmart Akola - Express 338,Akola,Akola,Maharashtra,2010-06-03,Express,1681,MGR0354,20.726634,77.037834
ST00339,Dmart Parbhani - Mini-mart 339,Parbhani,Parbhani,Maharashtra,2011-07-08,Mini-mart,6551,MGR0185,19.242704,76.728877
ST00340,Dmart Parbhani - Mini-mart 340,Parbhani,Parbhani,Maharashtra,2020-11-06,Mini-mart,6366,MGR0241,19.211806,76.791017
ST00341,Dmart Palghar - Hypermarket 341,Palghar,Palghar,Maharashtra,2015-01-04,Hypermarket,54668,MGR0019,19.73886,72.84335
ST00342,Dmart Solapur - Express 342,Solapur,Solapur,Maharashtra,2021-08-10,Express,1751,MGR0302,17.637373,75.82815
ST00343,Dmart Amravati - Express 343,Amravati,Amravati,Maharashtra,2012-03-14,Express,2401,MGR0050,20.946241,77.795031
ST00344,Dmart Aurangabad (Chh. Sambhajinagar) - Express 344,Aurangabad (Chh. Sambhajinagar),Aurangabad,Maharashtra,2012-10-06,Express,4623,MGR0099,19.88514,75.310886
ST00345,Dmart Buldhana - Express 345,Buldhana,Buldhana,Maharashtra,2022-12-14,Express,3886,MGR0167,20.53519,76.178838
ST00346,Dmart Sangli - Hypermarket 346,Sangli,Sangli,Maharashtra,2007-01-23,Hypermarket,28755,MGR0372,16.792215,74.533177
ST00347,Dmart Parbhani - Hypermarket 347,Parbhani,Parbhani,Maharashtra,2022-09-03,Hypermarket,51786,MGR0028,19.301096,76.781061
ST00348,Dmart Solapur - Express 348,Solapur,Solapur,Maharashtra,2021-08-13,Express,4014,MGR0129,17.691464,75.979515
ST00349,Dmart Thane - Mini-mart 349,Thane,Thane,Maharashtra,2017-10-11,Mini-mart,9713,MGR0399,19.163962,72.930485
ST00350,Dmart Yavatmal - Mini-mart 350,Yavatmal,Yavatmal,Maharashtra,2006-01-14,Mini-mart,13543,MGR0162,20.402077,78.134031
ST00351,Dmart Sangli - Express 351,Sangli,Sangli,Maharashtra,2010-10-22,Express,3745,MGR0250,16.858401,74.598491
ST00352,Dmart Parbhani - Mini-mart 352,Parbhani,Parbhani,Maharashtra,2023-11-15,Mini-mart,13598,MGR0271,19.204865,76.774764
ST00353,Dmart Nagpur - Express 353,Nagpur,Nagpur,Maharashtra,2012-08-26,Express,4396,MGR0236,21.119975,79.0796
ST00354,Dmart Nanded - Express 354,Nanded,Nanded,Maharashtra,2010-05-09,Express,3319,MGR0021,19.081181,77.271884
ST00355,Dmart Nagpur - Express 355,Nagpur,Nagpur,Maharashtra,2023-03-26,Express,3268,MGR0043,21.119929,79.138717
ST00356,Dmart Buldhana - Express 356,Buldhana,Buldhana,Maharashtra,2015-02-25,Express,4309,MGR0243,20.602655,76.165242
ST00357,Dmart Nashik - Express 357,Nashik,Nashik,Maharashtra,2017-07-27,Express,4592,MGR0221,19.951379,73.840912
ST00358,Dmart Wardha - Hypermarket 358,Wardha,Wardha,Maharashtra,2019-12-14,Hypermarket,42451,MGR0331,20.709652,78.530732
ST00359,Dmart Satara - Express 359,Satara,Satara,Maharashtra,2019-08-24,Express,3363,MGR0185,17.667662,73.957412
ST00360,Dmart Solapur - Hypermarket 360,Solapur,Solapur,Maharashtra,2011-02-01,Hypermarket,28386,MGR0091,17.667678,75.860821
ST00361,Dmart Sangli - Mini-mart 361,Sangli,Sangli,Maharashtra,2019-08-08,Mini-mart,13273,MGR0364,16.796559,74.647649
ST00362,Dmart Thane - Express 362,Thane,Thane,Maharashtra,2015-08-17,Express,3709,MGR0256,19.248779,72.900737
ST00363,Dmart Thane - Mini-mart 363,Thane,Thane,Maharashtra,2007-05-09,Mini-mart,7571,MGR0005,19.219858,72.97925
ST00364,Dmart Mumbai - Mini-mart 364,Mumbai,Mumbai City,Maharashtra,2007-07-24,Mini-mart,13473,MGR0150,19.151189,72.825368
ST00365,Dmart Satara - Mini-mart 365,Satara,Satara,Maharashtra,2009-06-03,Mini-mart,10951,MGR0257,17.7525,73.983935
ST00366,Dmart Chandrapur - Hypermarket 366,Chandrapur,Chandrapur,Maharashtra,2009-06-24,Hypermarket,49247,MGR0013,19.980327,79.32463
ST00367,Dmart Pune - Mini-mart 367,Pune,Pune,Maharashtra,2011-05-13,Mini-mart,12091,MGR0017,18.456392,73.881499
ST00368,Dmart Navi Mumbai - Hypermarket 368,Navi Mumbai,Thane,Maharashtra,2017-10-13,Hypermarket,59844,MGR0330,19.040233,73.048887
ST00369,Dmart Solapur - Express 369,Solapur,Solapur,Maharashtra,2007-12-11,Express,1928,MGR0011,17.713692,75.838678
ST00370,Dmart Osmanabad - Hypermarket 370,Osmanabad,Osmanabad,Maharashtra,2021-05-06,Hypermarket,31811,MGR0067,18.178174,76.026279
ST00371,Dmart Buldhana - Express 371,Buldhana,Buldhana,Maharashtra,2021-02-23,Express,3783,MGR0118,20.595331,76.115098
ST00372,Dmart Sangli - Express 372,Sangli,Sangli,Maharashtra,2013-05-23,Express,4827,MGR0267,16.845479,74.622054
ST00373,Dmart Ahmednagar - Hypermarket 373,Ahmednagar,Ahmednagar,Maharashtra,2020-03-22,Hypermarket,26105,MGR0266,19.071396,74.811463
ST00374,Dmart Raigad - Mini-mart 374,Raigad,Raigad,Maharashtra,2006-04-04,Mini-mart,8803,MGR0198,18.467397,73.239942
ST00375,Dmart Chandrapur - Express 375,Chandrapur,Chandrapur,Maharashtra,2022-12-10,Express,4571,MGR0092,20.030592,79.307494
ST00376,Dmart Pimpri-Chinchwad - Mini-mart 376,Pimpri-Chinchwad,Pune,Maharashtra,2006-04-19,Mini-mart,9109,MGR0097,18.562988,73.79915
ST00377,Dmart Nanded - Mini-mart 377,Nanded,Nanded,Maharashtra,2008-06-07,Mini-mart,12290,MGR0186,19.091784,77.37267
ST00378,Dmart Akola - Express 378,Akola,Akola,Maharashtra,2023-07-08,Express,4159,MGR0345,20.666768,77.069259
ST00379,Dmart Kolhapur - Express 379,Kolhapur,Kolhapur,Maharashtra,2008-11-02,Express,3826,MGR0397,16.692226,74.293527
ST00380,Dmart Akola - Mini-mart 380,Akola,Akola,Maharashtra,2008-05-12,Mini-mart,14199,MGR0226,20.637151,76.964324
ST00381,Dmart Kolhapur - Mini-mart 381,Kolhapur,Kolhapur,Maharashtra,2015-03-05,Mini-mart,14212,MGR0197,16.753931,74.306526
ST00382,Dmart Satara - Mini-mart 382,Satara,Satara,Maharashtra,2010-08-16,Mini-mart,9504,MGR0179,17.664283,74.013801
ST00383,Dmart Amravati - Mini-mart 383,Amravati,Amravati,Maharashtra,2019-10-19,Mini-mart,7093,MGR0298,20.912021,77.827692
ST00384,Dmart Panvel - Hypermarket 384,Panvel,Raigad,Maharashtra,2017-04-22,Hypermarket,54877,MGR0295,18.947606,73.144925
ST00385,Dmart Nagpur - Mini-mart 385,Nagpur,Nagpur,Maharashtra,2012-05-02,Mini-mart,7493,MGR0350,21.223711,79.148176
ST00386,Dmart Nagpur - Express 386,Nagpur,Nagpur,Maharashtra,2022-05-26,Express,1612,MGR0348,21.176,79.093438
ST00387,Dmart Mumbai - Express 387,Mumbai,Mumbai City,Maharashtra,2005-06-14,Express,3983,MGR0357,19.032792,72.824963
ST00388,Dmart Chandrapur - Express 388,Chandrapur,Chandrapur,Maharashtra,2010-03-23,Express,2365,MGR0056,20.01919,79.252324
ST00389,Dmart Kolhapur - Express 389,Kolhapur,Kolhapur,Maharashtra,2013-07-14,Express,1542,MGR0205,16.754192,74.220145
ST00390,Dmart Wardha - Hypermarket 390,Wardha,Wardha,Maharashtra,2021-10-09,Hypermarket,39361,MGR0055,20.728253,78.665065
ST00391,Dmart Jalna - Mini-mart 391,Jalna,Jalna,Maharashtra,2005-05-15,Mini-mart,7780,MGR0109,19.834606,75.835444
ST00392,Dmart Thane - Express 392,Thane,Thane,Maharashtra,2023-02-09,Express,3513,MGR0337,19.166296,73.02047
ST00393,Dmart Buldhana - Express 393,Buldhana,Buldhana,Maharashtra,2019-03-21,Express,2221,MGR0199,20.45447,76.136948
ST00394,Dmart Thane - Express 394,Thane,Thane,Maharashtra,2015-11-11,Express,1782,MGR0319,19.277449,73.009849
ST00395,Dmart Jalgaon - Mini-mart 395,Jalgaon,Jalgaon,Maharashtra,2019-12-17,Mini-mart,9931,MGR0041,20.978222,75.494193
ST00396,Dmart Panvel - Mini-mart 396,Panvel,Raigad,Maharashtra,2006-11-23,Mini-mart,6797,MGR0396,18.935285,73.165422
ST00397,Dmart Aurangabad (Chh. Sambhajinagar) - Hypermarket 397,Aurangabad (Chh. Sambhajinagar),Aurangabad,Maharashtra,2016-05-18,Hypermarket,56059,MGR0259,19.878448,75.304859
ST00398,Dmart Jalgaon - Hypermarket 398,Jalgaon,Jalgaon,Maharashtra,2006-08-06,Hypermarket,29732,MGR0141,20.962361,75.593302
ST00399,Dmart Aurangabad (Chh. Sambhajinagar) - Mini-mart 399,Aurangabad (Chh. Sambhajinagar),Aurangabad,Maharashtra,2013-05-15,Mini-mart,11205,MGR0334,19.808222,75.381673
ST00400,Dmart Aurangabad (Chh. Sambhajinagar) - Express 400,Aurangabad (Chh. Sambhajinagar),Aurangabad,Maharashtra,2015-08-23,Express,3528,MGR0141,19.904918,75.386563
ST00401,Dmart Kolhapur - Mini-mart 401,Kolhapur,Kolhapur,Maharashtra,2013-08-17,Mini-mart,11478,MGR0048,16.664162,74.215905
ST00402,Dmart Panvel - Hypermarket 402,Panvel,Raigad,Maharashtra,2005-01-06,Hypermarket,50586,MGR0349,19.020361,73.043891
ST00403,Dmart Dhule - Mini-mart 403,Dhule,Dhule,Maharashtra,2019-08-07,Mini-mart,10692,MGR0174,20.97193,74.740949
ST00404,Dmart Wardha - Hypermarket 404,Wardha,Wardha,Maharashtra,2023-12-26,Hypermarket,48770,MGR0295,20.739734,78.557399
ST00405,Dmart Nanded - Express 405,Nanded,Nanded,Maharashtra,2021-06-15,Express,2276,MGR0185,19.190526,77.350415
ST00406,Dmart Sangli - Mini-mart 406,Sangli,Sangli,Maharashtra,2014-05-17,Mini-mart,10448,MGR0019,16.898311,74.57078
ST00407,Dmart Chandrapur - Hypermarket 407,Chandrapur,Chandrapur,Maharashtra,2012-08-24,Hypermarket,40338,MGR0093,19.891773,79.338901
ST00408,Dmart Osmanabad - Mini-mart 408,Osmanabad,Osmanabad,Maharashtra,2010-10-12,Mini-mart,8495,MGR0129,18.227286,76.112227
ST00409,Dmart Dhule - Mini-mart 409,Dhule,Dhule,Maharashtra,2005-06-27,Mini-mart,7798,MGR0166,20.908245,74.745736
ST00410,Dmart Jalgaon - Mini-mart 410,Jalgaon,Jalgaon,Maharashtra,2021-05-18,Mini-mart,13514,MGR0223,21.076614,75.488396
ST00411,Dmart Parbhani - Mini-mart 411,Parbhani,Parbhani,Maharashtra,2013-03-25,Mini-mart,6151,MGR0048,19.225087,76.723931
ST00412,Dmart Pimpri-Chinchwad - Mini-mart 412,Pimpri-Chinchwad,Pune,Maharashtra,2007-02-06,Mini-mart,10833,MGR0038,18.637748,73.772352
ST00413,Dmart Ahmednagar - Hypermarket 413,Ahmednagar,Ahmednagar,Maharashtra,2014-12-11,Hypermarket,44193,MGR0044,19.035497,74.693047
ST00414,Dmart Jalna - Mini-mart 414,Jalna,Jalna,Maharashtra,2015-12-20,Mini-mart,11809,MGR0036,19.91692,75.839042
ST00415,Dmart Buldhana - Mini-mart 415,Buldhana,Buldhana,Maharashtra,2013-12-09,Mini-mart,7119,MGR0060,20.608731,76.16156
ST00416,Dmart Wardha - Express 416,Wardha,Wardha,Maharashtra,2012-12-11,Express,1701,MGR0227,20.778004,78.546069
ST00417,Dmart Jalgaon - Mini-mart 417,Jalgaon,Jalgaon,Maharashtra,2011-02-23,Mini-mart,7063,MGR0098,21.064403,75.488115
ST00418,Dmart Solapur - Express 418,Solapur,Solapur,Maharashtra,2021-02-04,Express,1526,MGR0269,17.589499,75.920766
ST00419,Dmart Solapur - Mini-mart 419,Solapur,Solapur,Maharashtra,2011-09-14,Mini-mart,10274,MGR0238,17.613122,75.916502
ST00420,Dmart Yavatmal - Mini-mart 420,Yavatmal,Yavatmal,Maharashtra,2019-04-20,Mini-mart,13084,MGR0035,20.34794,78.04219
ST00421,Dmart Pimpri-Chinchwad - Hypermarket 421,Pimpri-Chinchwad,Pune,Maharashtra,2023-03-18,Hypermarket,59531,MGR0114,18.616724,73.771605
ST00422,Dmart Chandrapur - Express 422,Chandrapur,Chandrapur,Maharashtra,2022-02-03,Express,4563,MGR0310,19.905172,79.362241
ST00423,Dmart Beed - Mini-mart 423,Beed,Beed,Maharashtra,2014-01-09,Mini-mart,12196,MGR0099,19.055343,75.807662
ST00424,Dmart Ratnagiri - Hypermarket 424,Ratnagiri,Ratnagiri,Maharashtra,2007-04-26,Hypermarket,58942,MGR0217,16.965673,73.265354
ST00425,Dmart Nagpur - Hypermarket 425,Nagpur,Nagpur,Maharashtra,2008-08-07,Hypermarket,45084,MGR0052,21.214695,79.089116
ST00426,Dmart Akola - Mini-mart 426,Akola,Akola,Maharashtra,2009-09-17,Mini-mart,12120,MGR0350,20.718377,76.972715
ST00427,Dmart Osmanabad - Mini-mart 427,Osmanabad,Osmanabad,Maharashtra,2019-03-14,Mini-mart,7732,MGR0025,18.193822,75.987554
ST00428,Dmart Nashik - Express 428,Nashik,Nashik,Maharashtra,2007-04-25,Express,4376,MGR0220,20.007582,73.785462
ST00429,Dmart Nanded - Hypermarket 429,Nanded,Nanded,Maharashtra,2019-02-17,Hypermarket,47928,MGR0331,19.153355,77.280177
ST00430,Dmart Solapur - Hypermarket 430,Solapur,Solapur,Maharashtra,2017-08-15,Hypermarket,51098,MGR0045,17.592621,75.946534
ST00431,Dmart Solapur - Express 431,Solapur,Solapur,Maharashtra,2013-09-15,Express,4167,MGR0112,17.693331,75.978104
ST00432,Dmart Aurangabad (Chh. Sambhajinagar) - Mini-mart 432,Aurangabad (Chh. Sambhajinagar),Aurangabad,Maharashtra,2012-05-10,Mini-mart,9921,MGR0297,19.872079,75.354617
ST00433,Dmart Nagpur - Hypermarket 433,Nagpur,Nagpur,Maharashtra,2021-11-01,Hypermarket,35995,MGR0241,21.126278,79.134585
ST00434,Dmart Akola - Mini-mart 434,Akola,Akola,Maharashtra,2007-12-04,Mini-mart,9444,MGR0282,20.719046,76.928998
ST00435,Dmart Amravati - Mini-mart 435,Amravati,Amravati,Maharashtra,2009-12-19,Mini-mart,14081,MGR0306,20.928981,77.819522
ST00436,Dmart Nashik - Mini-mart 436,Nashik,Nashik,Maharashtra,2017-12-22,Mini-mart,8831,MGR0100,20.059349,73.725407
ST00437,Dmart Nanded - Express 437,Nanded,Nanded,Maharashtra,2021-06-13,Express,3651,MGR0247,19.082566,77.275491
ST00438,Dmart Jalgaon - Mini-mart 438,Jalgaon,Jalgaon,Maharashtra,2007-03-05,Mini-mart,13221,MGR0353,20.987527,75.553965
ST00439,Dmart Raigad - Hypermarket 439,Raigad,Raigad,Maharashtra,2006-06-09,Hypermarket,39339,MGR0007,18.590042,73.232722
ST00440,Dmart Chandrapur - Express 440,Chandrapur,Chandrapur,Maharashtra,2017-05-01,Express,4673,MGR0244,19.978909,79.258868
ST00441,Dmart Aurangabad (Chh. Sambhajinagar) - Hypermarket 441,Aurangabad (Chh. Sambhajinagar),Aurangabad,Maharashtra,2010-10-23,Hypermarket,32768,MGR0304,19.846804,75.296142
ST00442,Dmart Dhule - Mini-mart 442,Dhule,Dhule,Maharashtra,2012-11-05,Mini-mart,13195,MGR0366,20.960242,74.849233
ST00443,Dmart Pimpri-Chinchwad - Hypermarket 443,Pimpri-Chinchwad,Pune,Maharashtra,2011-05-17,Hypermarket,41292,MGR0103,18.57699,73.872213
ST00444,Dmart Aurangabad (Chh. Sambhajinagar) - Express 444,Aurangabad (Chh. Sambhajinagar),Aurangabad,Maharashtra,2010-08-02,Express,4162,MGR0270,19.849236,75.366728
ST00445,Dmart Dhule - Express 445,Dhule,Dhule,Maharashtra,2017-04-11,Express,2556,MGR0284,20.929232,74.767108
ST00446,Dmart Ahmednagar - Hypermarket 446,Ahmednagar,Ahmednagar,Maharashtra,2020-04-27,Hypermarket,47135,MGR0109,19.041149,74.72278
ST00447,Dmart Beed - Mini-mart 447,Beed,Beed,Maharashtra,2017-03-08,Mini-mart,6562,MGR0217,18.92972,75.790324
ST00448,Dmart Osmanabad - Mini-mart 448,Osmanabad,Osmanabad,Maharashtra,2015-02-19,Mini-mart,8105,MGR0018,18.221419,76.083663
ST00449,Dmart Panvel - Hypermarket 449,Panvel,Raigad,Maharashtra,2005-05-01,Hypermarket,54507,MGR0122,18.937084,73.196863
ST00450,Dmart Navi Mumbai - Express 450,Navi Mumbai,Thane,Maharashtra,2005-09-02,Express,3738,MGR0284,19.09035,72.979107
ST00451,Dmart Kolhapur - Mini-mart 451,Kolhapur,Kolhapur,Maharashtra,2020-02-11,Mini-mart,8707,MGR0075,16.67808,74.174537
ST00452,Dmart Buldhana - Express 452,Buldhana,Buldhana,Maharashtra,2019-12-04,Express,2592,MGR0385,20.472011,76.215288
ST00453,Dmart Navi Mumbai - Mini-mart 453,Navi Mumbai,Thane,Maharashtra,2006-03-15,Mini-mart,8085,MGR0031,19.049661,73.107555
ST00454,Dmart Wardha - Express 454,Wardha,Wardha,Maharashtra,2014-09-10,Express,4946,MGR0017,20.804021,78.580549
ST00455,Dmart Yavatmal - Mini-mart 455,Yavatmal,Yavatmal,Maharashtra,2019-04-23,Mini-mart,11624,MGR0197,20.336604,78.049631
ST00456,Dmart Bhandara - Express 456,Bhandara,Bhandara,Maharashtra,2007-02-16,Express,4524,MGR0116,21.118005,79.576397
ST00457,Dmart Aurangabad (Chh. Sambhajinagar) - Mini-mart 457,Aurangabad (Chh. Sambhajinagar),Aurangabad,Maharashtra,2019-05-07,Mini-mart,7946,MGR0222,19.811256,75.287989
ST00458,Dmart Panvel - Express 458,Panvel,Raigad,Maharashtra,2020-12-21,Express,4729,MGR0260,19.057918,73.104173
ST00459,Dmart Navi Mumbai - Hypermarket 459,Navi Mumbai,Thane,Maharashtra,2023-02-17,Hypermarket,25126,MGR0141,19.065203,73.076204
ST00460,Dmart Bhandara - Hypermarket 460,Bhandara,Bhandara,Maharashtra,2009-05-17,Hypermarket,45657,MGR0006,21.131694,79.624996
ST00461,Dmart Nanded - Express 461,Nanded,Nanded,Maharashtra,2010-09-06,Express,4159,MGR0056,19.187553,77.349348
ST00462,Dmart Dhule - Mini-mart 462,Dhule,Dhule,Maharashtra,2008-06-07,Mini-mart,9114,MGR0045,20.907129,74.710889
ST00463,Dmart Jalgaon - Hypermarket 463,Jalgaon,Jalgaon,Maharashtra,2009-04-07,Hypermarket,30748,MGR0142,20.979233,75.62632
ST00464,Dmart Palghar - Express 464,Palghar,Palghar,Maharashtra,2007-02-24,Express,2549,MGR0222,19.672186,72.813705
ST00465,Dmart Satara - Mini-mart 465,Satara,Satara,Maharashtra,2014-07-12,Mini-mart,7095,MGR0109,17.678736,73.94427
ST00466,Dmart Solapur - Hypermarket 466,Solapur,Solapur,Maharashtra,2010-07-06,Hypermarket,53140,MGR0018,17.592591,75.937779
ST00467,Dmart Amravati - Mini-mart 467,Amravati,Amravati,Maharashtra,2006-03-14,Mini-mart,13561,MGR0076,20.979546,77.851847
ST00468,Dmart Kolhapur - Express 468,Kolhapur,Kolhapur,Maharashtra,2008-08-19,Express,3581,MGR0284,16.737659,74.29447
ST00469,Dmart Nagpur - Mini-mart 469,Nagpur,Nagpur,Maharashtra,2023-02-18,Mini-mart,7278,MGR0266,21.071178,79.052302
ST00470,Dmart Pune - Hypermarket 470,Pune,Pune,Maharashtra,2005-08-04,Hypermarket,28298,MGR0169,18.454828,73.84604
ST00471,Dmart Dhule - Express 471,Dhule,Dhule,Maharashtra,2015-06-07,Express,3526,MGR0195,20.978808,74.815907
ST00472,Dmart Palghar - Mini-mart 472,Palghar,Palghar,Maharashtra,2007-12-13,Mini-mart,7190,MGR0128,19.65785,72.845305
ST00473,Dmart Navi Mumbai - Hypermarket 473,Navi Mumbai,Thane,Maharashtra,2008-01-13,Hypermarket,50154,MGR0240,18.96445,73.099042
ST00474,Dmart Beed - Mini-mart 474,Beed,Beed,Maharashtra,2013-04-14,Mini-mart,13073,MGR0026,19.027094,75.696386
ST00475,Dmart Pune - Mini-mart 475,Pune,Pune,Maharashtra,2023-06-22,Mini-mart,8940,MGR0283,18.568616,73.873389
ST00476,Dmart Nashik - Mini-mart 476,Nashik,Nashik,Maharashtra,2021-07-16,Mini-mart,6832,MGR0089,20.068563,73.753795
ST00477,Dmart Yavatmal - Hypermarket 477,Yavatmal,Yavatmal,Maharashtra,2008-05-10,Hypermarket,25917,MGR0210,20.4501,78.087174
ST00478,Dmart Jalna - Mini-mart 478,Jalna,Jalna,Maharashtra,2012-02-06,Mini-mart,12675,MGR0042,19.841479,75.913902
ST00479,Dmart Nanded - Mini-mart 479,Nanded,Nanded,Maharashtra,2011-05-25,Mini-mart,13942,MGR0014,19.076876,77.247196
ST00480,Dmart Mumbai - Mini-mart 480,Mumbai,Mumbai City,Maharashtra,2015-07-26,Mini-mart,8696,MGR0192,19.104471,72.904414
ST00481,Dmart Buldhana - Mini-mart 481,Buldhana,Buldhana,Maharashtra,2021-08-04,Mini-mart,8475,MGR0126,20.502051,76.211947
ST00482,Dmart Kolhapur - Hypermarket 482,Kolhapur,Kolhapur,Maharashtra,2005-11-15,Hypermarket,47659,MGR0015,16.761826,74.189409
ST00483,Dmart Sangli - Mini-mart 483,Sangli,Sangli,Maharashtra,2017-11-15,Mini-mart,11505,MGR0182,16.925083,74.547379
ST00484,Dmart Pimpri-Chinchwad - Express 484,Pimpri-Chinchwad,Pune,Maharashtra,2014-03-16,Express,3448,MGR0274,18.637636,73.870825
ST00485,Dmart Jalgaon - Mini-mart 485,Jalgaon,Jalgaon,Maharashtra,2012-09-07,Mini-mart,13911,MGR0389,20.932235,75.601071
ST00486,Dmart Buldhana - Hypermarket 486,Buldhana,Buldhana,Maharashtra,2006-09-13,Hypermarket,57442,MGR0259,20.460212,76.234408
ST00487,Dmart Dhule - Express 487,Dhule,Dhule,Maharashtra,2020-10-12,Express,4572,MGR0206,20.864474,74.775856
ST00488,Dmart Osmanabad - Mini-mart 488,Osmanabad,Osmanabad,Maharashtra,2015-07-15,Mini-mart,14978,MGR0022,18.153922,75.999033
ST00489,Dmart Latur - Express 489,Latur,Latur,Maharashtra,2006-11-08,Express,1700,MGR0344,18.383563,76.585841
ST00490,Dmart Pune - Hypermarket 490,Pune,Pune,Maharashtra,2017-02-24,Hypermarket,39091,MGR0351,18.588286,73.908158
ST00491,Dmart Osmanabad - Mini-mart 491,Osmanabad,Osmanabad,Maharashtra,2013-03-21,Mini-mart,14112,MGR0031,18.195911,76.014506
ST00492,Dmart Dhule - Hypermarket 492,Dhule,Dhule,Maharashtra,2010-04-21,Hypermarket,36281,MGR0075,20.830669,74.753198
ST00493,Dmart Pune - Mini-mart 493,Pune,Pune,Maharashtra,2018-10-08,Mini-mart,6186,MGR0131,18.571863,73.887401
ST00494,Dmart Nanded - Hypermarket 494,Nanded,Nanded,Maharashtra,2008-12-18,Hypermarket,44573,MGR0313,19.20831,77.385369
ST00495,Dmart Mumbai - Express 495,Mumbai,Mumbai City,Maharashtra,2013-10-10,Express,3079,MGR0003,19.042112,72.917912
ST00496,Dmart Navi Mumbai - Mini-mart 496,Navi Mumbai,Thane,Maharashtra,2014-04-22,Mini-mart,9503,MGR0386,19.023274,73.02124
ST00497,Dmart Beed - Mini-mart 497,Beed,Beed,Maharashtra,2018-06-22,Mini-mart,9375,MGR0330,19.054548,75.829238
ST00498,Dmart Amravati - Mini-mart 498,Amravati,Amravati,Maharashtra,2006-11-25,Mini-mart,9060,MGR0225,20.969397,77.819557
ST00499,Dmart Nashik - Express 499,Nashik,Nashik,Maharashtra,2016-06-08,Express,2230,MGR0235,19.917896,73.846754
ST00500,Dmart Jalgaon - Hypermarket 500,Jalgaon,Jalgaon,Maharashtra,2009-09-21,Hypermarket,46350,MGR0303,20.990427,75.619272
ST00501,Dmart Jalna - Mini-mart 501,Jalna,Jalna,Maharashtra,2016-08-27,Mini-mart,9465,MGR0287,19.851737,75.885849
ST00502,Dmart Latur - Mini-mart 502,Latur,Latur,Maharashtra,2014-12-17,Mini-mart,10176,MGR0283,18.48687,76.635802
ST00503,Dmart Dhule - Express 503,Dhule,Dhule,Maharashtra,2021-03-02,Express,3633,MGR0217,20.94666,74.778237
ST00504,Dmart Satara - Hypermarket 504,Satara,Satara,Maharashtra,2020-07-27,Hypermarket,55388,MGR0173,17.617874,73.962865
ST00505,Dmart Akola - Mini-mart 505,Akola,Akola,Maharashtra,2023-01-01,Mini-mart,10362,MGR0189,20.646501,77.04102
ST00506,Dmart Amravati - Hypermarket 506,Amravati,Amravati,Maharashtra,2020-02-07,Hypermarket,52836,MGR0122,20.999607,77.786656
ST00507,Dmart Chandrapur - Hypermarket 507,Chandrapur,Chandrapur,Maharashtra,2017-06-12,Hypermarket,56006,MGR0192,20.041124,79.234411
ST00508,Dmart Aurangabad (Chh. Sambhajinagar) - Express 508,Aurangabad (Chh. Sambhajinagar),Aurangabad,Maharashtra,2010-05-04,Express,3436,MGR0208,19.842995,75.391157
ST00509,Dmart Palghar - Express 509,Palghar,Palghar,Maharashtra,2013-07-15,Express,3679,MGR0284,19.697529,72.830121
ST00510,Dmart Jalna - Express 510,Jalna,Jalna,Maharashtra,2019-11-01,Express,4342,MGR0193,19.894952,75.855484
ST00511,Dmart Nagpur - Hypermarket 511,Nagpur,Nagpur,Maharashtra,2021-06-08,Hypermarket,51668,MGR0129,21.127723,79.139417
ST00512,Dmart Latur - Express 512,Latur,Latur,Maharashtra,2005-10-17,Express,1757,MGR0317,18.393072,76.595996
ST00513,Dmart Akola - Express 513,Akola,Akola,Maharashtra,2007-06-21,Express,2866,MGR0311,20.667015,77.056821
ST00514,Dmart Thane - Express 514,Thane,Thane,Maharashtra,2009-01-13,Express,1803,MGR0399,19.277413,73.039356
ST00515,Dmart Amravati - Mini-mart 515,Amravati,Amravati,Maharashtra,2010-02-01,Mini-mart,12131,MGR0200,20.892608,77.849288
ST00516,Dmart Parbhani - Hypermarket 516,Parbhani,Parbhani,Maharashtra,2016-03-07,Hypermarket,25140,MGR0091,19.295368,76.732402
ST00517,Dmart Jalgaon - Express 517,Jalgaon,Jalgaon,Maharashtra,2015-09-12,Express,3608,MGR0146,20.953258,75.533893
ST00518,Dmart Amravati - Mini-mart 518,Amravati,Amravati,Maharashtra,2018-06-04,Mini-mart,8209,MGR0334,20.964351,77.789304
ST00519,Dmart Parbhani - Mini-mart 519,Parbhani,Parbhani,Maharashtra,2007-03-06,Mini-mart,14231,MGR0043,19.344823,76.775817
ST00520,Dmart Parbhani - Mini-mart 520,Parbhani,Parbhani,Maharashtra,2015-10-02,Mini-mart,8741,MGR0087,19.319127,76.765501
ST00521,Dmart Ratnagiri - Hypermarket 521,Ratnagiri,Ratnagiri,Maharashtra,2017-03-12,Hypermarket,34680,MGR0021,17.03534,73.276007
ST00522,Dmart Aurangabad (Chh. Sambhajinagar) - Hypermarket 522,Aurangabad (Chh. Sambhajinagar),Aurangabad,Maharashtra,2019-04-26,Hypermarket,38626,MGR0084,19.84568,75.295804
ST00523,Dmart Parbhani - Hypermarket 523,Parbhani,Parbhani,Maharashtra,2021-06-19,Hypermarket,36117,MGR0351,19.199567,76.714028
ST00524,Dmart Raigad - Express 524,Raigad,Raigad,Maharashtra,2012-03-07,Express,3878,MGR0168,18.469595,73.122774
ST00525,Dmart Bhandara - Mini-mart 525,Bhandara,Bhandara,Maharashtra,2021-08-20,Mini-mart,13948,MGR0119,21.142136,79.698608
ST00526,Dmart Beed - Mini-mart 526,Beed,Beed,Maharashtra,2010-04-24,Mini-mart,14326,MGR0022,19.027157,75.707461
ST00527,Dmart Bhandara - Mini-mart 527,Bhandara,Bhandara,Maharashtra,2019-02-17,Mini-mart,6815,MGR0139,21.239166,79.670522
ST00528,Dmart Sangli - Hypermarket 528,Sangli,Sangli,Maharashtra,2016-02-22,Hypermarket,38349,MGR0217,16.892712,74.569274
ST00529,Dmart Amravati - Hypermarket 529,Amravati,Amravati,Maharashtra,2005-06-21,Hypermarket,35479,MGR0353,20.89645,77.791449
ST00530,Dmart Bhandara - Hypermarket 530,Bhandara,Bhandara,Maharashtra,2017-04-07,Hypermarket,48950,MGR0268,21.157046,79.689571
ST00531,Dmart Yavatmal - Express 531,Yavatmal,Yavatmal,Maharashtra,2015-10-24,Express,4972,MGR0341,20.441979,78.157243
ST00532,Dmart Latur - Express 532,Latur,Latur,Maharashtra,2008-08-16,Express,3163,MGR0206,18.464966,76.549418
ST00533,Dmart Osmanabad - Express 533,Osmanabad,Osmanabad,Maharashtra,2016-03-16,Express,4866,MGR0284,18.227107,76.111705
ST00534,Dmart Nashik - Mini-mart 534,Nashik,Nashik,Maharashtra,2022-03-20,Mini-mart,11940,MGR0390,19.958303,73.825758
ST00535,Dmart Palghar - Mini-mart 535,Palghar,Palghar,Maharashtra,2013-03-01,Mini-mart,11808,MGR0342,19.698621,72.699822
ST00536,Dmart Pune - Mini-mart 536,Pune,Pune,Maharashtra,2019-04-16,Mini-mart,13749,MGR0080,18.453977,73.858545
ST00537,Dmart Parbhani - Express 537,Parbhani,Parbhani,Maharashtra,2012-05-13,Express,3126,MGR0105,19.234903,76.828456
ST00538,Dmart Aurangabad (Chh. Sambhajinagar) - Express 538,Aurangabad (Chh. Sambhajinagar),Aurangabad,Maharashtra,2012-02-09,Express,2644,MGR0100,19.805546,75.389705
ST00539,Dmart Nanded - Mini-mart 539,Nanded,Nanded,Maharashtra,2010-08-18,Mini-mart,8000,MGR0376,19.212102,77.349909
ST00540,Dmart Wardha - Express 540,Wardha,Wardha,Maharashtra,2014-09-17,Express,3219,MGR0032,20.786583,78.676093
ST00541,Dmart Wardha - Express 541,Wardha,Wardha,Maharashtra,2012-03-10,Express,4765,MGR0210,20.813757,78.675836
ST00542,Dmart Jalgaon - Mini-mart 542,Jalgaon,Jalgaon,Maharashtra,2005-03-19,Mini-mart,11585,MGR0130,20.931427,75.507163
ST00543,Dmart Pune - Mini-mart 543,Pune,Pune,Maharashtra,2014-10-18,Mini-mart,10896,MGR0166,18.484159,73.779193
ST00544,Dmart Solapur - Mini-mart 544,Solapur,Solapur,Maharashtra,2010-01-02,Mini-mart,10559,MGR0063,17.686476,75.927134
ST00545,Dmart Satara - Express 545,Satara,Satara,Maharashtra,2020-02-24,Express,3487,MGR0226,17.610355,74.007242
ST00546,Dmart Amravati - Mini-mart 546,Amravati,Amravati,Maharashtra,2007-09-22,Mini-mart,6708,MGR0336,20.980363,77.80004
ST00547,Dmart Pune - Hypermarket 547,Pune,Pune,Maharashtra,2011-07-08,Hypermarket,43842,MGR0109,18.492855,73.926397
ST00548,Dmart Ratnagiri - Mini-mart 548,Ratnagiri,Ratnagiri,Maharashtra,2019-05-16,Mini-mart,9807,MGR0188,16.960849,73.290377
ST00549,Dmart Yavatmal - Hypermarket 549,Yavatmal,Yavatmal,Maharashtra,2013-04-10,Hypermarket,48995,MGR0273,20.411636,78.14482
ST00550,Dmart Navi Mumbai - Express 550,Navi Mumbai,Thane,Maharashtra,2012-09-18,Express,3279,MGR0282,18.990803,72.995029
ST00551,Dmart Jalgaon - Mini-mart 551,Jalgaon,Jalgaon,Maharashtra,2021-05-12,Mini-mart,14440,MGR0241,20.962882,75.611287
ST00552,Dmart Pimpri-Chinchwad - Express 552,Pimpri-Chinchwad,Pune,Maharashtra,2005-06-22,Express,1785,MGR0012,18.657946,73.774694
ST00553,Dmart Aurangabad (Chh. Sambhajinagar) - Mini-mart 553,Aurangabad (Chh. Sambhajinagar),Aurangabad,Maharashtra,2005-04-05,Mini-mart,8502,MGR0248,19.870927,75.322601
ST00554,Dmart Nanded - Hypermarket 554,Nanded,Nanded,Maharashtra,2016-12-18,Hypermarket,32129,MGR0165,19.058609,77.393469
ST00555,Dmart Pimpri-Chinchwad - Mini-mart 555,Pimpri-Chinchwad,Pune,Maharashtra,2014-11-13,Mini-mart,9212,MGR0285,18.62398,73.875611
ST00556,Dmart Aurangabad (Chh. Sambhajinagar) - Express 556,Aurangabad (Chh. Sambhajinagar),Aurangabad,Maharashtra,2020-12-12,Express,4472,MGR0102,19.818993,75.36943
ST00557,Dmart Ahmednagar - Mini-mart 557,Ahmednagar,Ahmednagar,Maharashtra,2023-08-21,Mini-mart,13558,MGR0125,19.079211,74.690959
ST00558,Dmart Chandrapur - Hypermarket 558,Chandrapur,Chandrapur,Maharashtra,2019-09-07,Hypermarket,31730,MGR0212,19.941399,79.323059
ST00559,Dmart Pune - Express 559,Pune,Pune,Maharashtra,2018-10-05,Express,3414,MGR0205,18.516325,73.915169
ST00560,Dmart Amravati - Mini-mart 560,Amravati,Amravati,Maharashtra,2012-07-25,Mini-mart,7602,MGR0218,20.963074,77.76848
ST00561,Dmart Ahmednagar - Express 561,Ahmednagar,Ahmednagar,Maharashtra,2010-12-02,Express,2711,MGR0083,19.104809,74.755458
ST00562,Dmart Osmanabad - Hypermarket 562,Osmanabad,Osmanabad,Maharashtra,2017-07-22,Hypermarket,54002,MGR0234,18.187627,75.967664
ST00563,Dmart Satara - Mini-mart 563,Satara,Satara,Maharashtra,2010-08-11,Mini-mart,10036,MGR0199,17.615415,73.949987
ST00564,Dmart Raigad - Hypermarket 564,Raigad,Raigad,Maharashtra,2020-03-06,Hypermarket,31498,MGR0352,18.469362,73.116781
ST00565,Dmart Buldhana - Mini-mart 565,Buldhana,Buldhana,Maharashtra,2011-12-18,Mini-mart,7027,MGR0377,20.563587,76.11193
ST00566,Dmart Thane - Express 566,Thane,Thane,Maharashtra,2017-02-02,Express,4814,MGR0158,19.188786,72.918856
ST00567,Dmart Pimpri-Chinchwad - Mini-mart 567,Pimpri-Chinchwad,Pune,Maharashtra,2011-02-12,Mini-mart,14387,MGR0199,18.575107,73.788834
ST00568,Dmart Navi Mumbai - Express 568,Navi Mumbai,Thane,Maharashtra,2023-07-20,Express,2007,MGR0079,18.965218,72.982069
ST00569,Dmart Raigad - Hypermarket 569,Raigad,Raigad,Maharashtra,2023-08-11,Hypermarket,26917,MGR0035,18.506363,73.1952
ST00570,Dmart Nashik - Mini-mart 570,Nashik,Nashik,Maharashtra,2013-03-04,Mini-mart,7964,MGR0187,20.075971,73.869202
ST00571,Dmart Jalna - Mini-mart 571,Jalna,Jalna,Maharashtra,2020-04-01,Mini-mart,12479,MGR0095,19.76326,75.821637
ST00572,Dmart Buldhana - Mini-mart 572,Buldhana,Buldhana,Maharashtra,2017-09-08,Mini-mart,7187,MGR0143,20.585499,76.139456
ST00573,Dmart Amravati - Hypermarket 573,Amravati,Amravati,Maharashtra,2020-02-12,Hypermarket,43843,MGR0065,20.955356,77.741806
ST00574,Dmart Bhandara - Express 574,Bhandara,Bhandara,Maharashtra,2013-07-07,Express,1650,MGR0219,21.126897,79.644543
ST00575,Dmart Palghar - Express 575,Palghar,Palghar,Maharashtra,2023-03-12,Express,2275,MGR0126,19.761279,72.812835
ST00576,Dmart Solapur - Mini-mart 576,Solapur,Solapur,Maharashtra,2016-06-18,Mini-mart,12279,MGR0362,17.66164,75.88321
ST00577,Dmart Parbhani - Mini-mart 577,Parbhani,Parbhani,Maharashtra,2006-05-18,Mini-mart,13307,MGR0126,19.325893,76.740615
ST00578,Dmart Thane - Mini-mart 578,Thane,Thane,Maharashtra,2018-02-19,Mini-mart,10648,MGR0369,19.21519,72.939668
ST00579,Dmart Wardha - Mini-mart 579,Wardha,Wardha,Maharashtra,2006-09-12,Mini-mart,9017,MGR0379,20.772346,78.609747
ST00580,Dmart Ahmednagar - Express 580,Ahmednagar,Ahmednagar,Maharashtra,2008-04-09,Express,4473,MGR0381,19.078418,74.797612
ST00581,Dmart Ahmednagar - Express 581,Ahmednagar,Ahmednagar,Maharashtra,2013-08-06,Express,2065,MGR0048,19.141463,74.71461
ST00582,Dmart Osmanabad - Express 582,Osmanabad,Osmanabad,Maharashtra,2019-05-11,Express,2133,MGR0259,18.173145,75.989871
ST00583,Dmart Pune - Mini-mart 583,Pune,Pune,Maharashtra,2013-07-02,Mini-mart,9936,MGR0063,18.512511,73.835815
ST00584,Dmart Kolhapur - Express 584,Kolhapur,Kolhapur,Maharashtra,2013-07-24,Express,2583,MGR0369,16.711284,74.262024
ST00585,Dmart Pimpri-Chinchwad - Hypermarket 585,Pimpri-Chinchwad,Pune,Maharashtra,2019-10-16,Hypermarket,27563,MGR0334,18.579633,73.754783
ST00586,Dmart Nashik - Mini-mart 586,Nashik,Nashik,Maharashtra,2011-09-14,Mini-mart,7335,MGR0362,19.964706,73.815201
ST00587,Dmart Dhule - Mini-mart 587,Dhule,Dhule,Maharashtra,2017-02-26,Mini-mart,8822,MGR0285,20.94066,74.841352
ST00588,Dmart Ahmednagar - Mini-mart 588,Ahmednagar,Ahmednagar,Maharashtra,2021-10-17,Mini-mart,11561,MGR0200,19.138057,74.71246
ST00589,Dmart Buldhana - Express 589,Buldhana,Buldhana,Maharashtra,2014-06-19,Express,2612,MGR0380,20.576914,76.242826
ST00590,Dmart Akola - Express 590,Akola,Akola,Maharashtra,2005-07-22,Express,2033,MGR0192,20.747949,77.073579
ST00591,Dmart Ratnagiri - Mini-mart 591,Ratnagiri,Ratnagiri,Maharashtra,2007-07-04,Mini-mart,6450,MGR0204,16.917659,73.300487
ST00592,Dmart Navi Mumbai - Express 592,Navi Mumbai,Thane,Maharashtra,2017-05-01,Express,4284,MGR0212,18.958357,73.01098
ST00593,Dmart Jalgaon - Mini-mart 593,Jalgaon,Jalgaon,Maharashtra,2006-09-22,Mini-mart,6538,MGR0174,20.994209,75.522598
ST00594,Dmart Ahmednagar - Mini-mart 594,Ahmednagar,Ahmednagar,Maharashtra,2018-07-02,Mini-mart,10245,MGR0003,19.160431,74.680974
ST00595,Dmart Wardha - Hypermarket 595,Wardha,Wardha,Maharashtra,2017-04-15,Hypermarket,40782,MGR0344,20.728718,78.624401
ST00596,Dmart Thane - Hypermarket 596,Thane,Thane,Maharashtra,2012-07-18,Hypermarket,33710,MGR0184,19.292222,73.011194
ST00597,Dmart Amravati - Mini-mart 597,Amravati,Amravati,Maharashtra,2007-07-10,Mini-mart,12428,MGR0245,21.015137,77.804238
ST00598,Dmart Wardha - Express 598,Wardha,Wardha,Maharashtra,2021-09-10,Express,1945,MGR0194,20.812308,78.651294
ST00599,Dmart Ratnagiri - Hypermarket 599,Ratnagiri,Ratnagiri,Maharashtra,2023-06-07,Hypermarket,28644,MGR0033,17.030189,73.308377
ST00600,Dmart Satara - Mini-mart 600,Satara,Satara,Maharashtra,2022-02-03,Mini-mart,14927,MGR0353,17.628501,73.954678
ST00601,Dmart Wardha - Express 601,Wardha,Wardha,Maharashtra,2006-08-01,Express,1870,MGR0298,20.785473,78.55261
ST00602,Dmart Wardha - Mini-mart 602,Wardha,Wardha,Maharashtra,2019-09-07,Mini-mart,12701,MGR0143,20.737197,78.540358
ST00603,Dmart Chandrapur - Hypermarket 603,Chandrapur,Chandrapur,Maharashtra,2011-01-06,Hypermarket,44864,MGR0390,19.991024,79.245177
ST00604,Dmart Amravati - Mini-mart 604,Amravati,Amravati,Maharashtra,2020-03-16,Mini-mart,10493,MGR0349,20.953913,77.727833
ST00605,Dmart Palghar - Mini-mart 605,Palghar,Palghar,Maharashtra,2018-01-13,Mini-mart,12704,MGR0293,19.74058,72.696146
ST00606,Dmart Chandrapur - Mini-mart 606,Chandrapur,Chandrapur,Maharashtra,2013-07-17,Mini-mart,13262,MGR0262,20.006782,79.3486
ST00607,Dmart Pimpri-Chinchwad - Mini-mart 607,Pimpri-Chinchwad,Pune,Maharashtra,2012-04-13,Mini-mart,10756,MGR0341,18.553126,73.751023
ST00608,Dmart Satara - Mini-mart 608,Satara,Satara,Maharashtra,2007-03-13,Mini-mart,8524,MGR0212,17.735889,73.949604
ST00609,Dmart Nanded - Mini-mart 609,Nanded,Nanded,Maharashtra,2022-04-16,Mini-mart,10519,MGR0383,19.200329,77.286302
ST00610,Dmart Jalgaon - Mini-mart 610,Jalgaon,Jalgaon,Maharashtra,2011-06-14,Mini-mart,12358,MGR0326,21.054593,75.60371
ST00611,Dmart Jalgaon - Mini-mart 611,Jalgaon,Jalgaon,Maharashtra,2018-11-03,Mini-mart,7147,MGR0085,20.934431,75.54736
ST00612,Dmart Palghar - Mini-mart 612,Palghar,Palghar,Maharashtra,2023-01-27,Mini-mart,11287,MGR0142,19.715383,72.706161
ST00613,Dmart Thane - Hypermarket 613,Thane,Thane,Maharashtra,2023-03-16,Hypermarket,56381,MGR0397,19.23506,72.911595
ST00614,Dmart Solapur - Hypermarket 614,Solapur,Solapur,Maharashtra,2014-10-12,Hypermarket,27284,MGR0161,17.651074,75.920686
ST00615,Dmart Bhandara - Mini-mart 615,Bhandara,Bhandara,Maharashtra,2009-09-06,Mini-mart,13380,MGR0398,21.142848,79.574054
ST00616,Dmart Nashik - Mini-mart 616,Nashik,Nashik,Maharashtra,2019-12-01,Mini-mart,7616,MGR0251,20.000757,73.837486
ST00617,Dmart Aurangabad (Chh. Sambhajinagar) - Express 617,Aurangabad (Chh. Sambhajinagar),Aurangabad,Maharashtra,2013-08-12,Express,1510,MGR0373,19.922258,75.399881
ST00618,Dmart Parbhani - Express 618,Parbhani,Parbhani,Maharashtra,2005-08-19,Express,3427,MGR0024,19.222648,76.768154
ST00619,Dmart Kolhapur - Express 619,Kolhapur,Kolhapur,Maharashtra,2009-12-26,Express,4440,MGR0041,16.775355,74.174119
ST00620,Dmart Jalna - Express 620,Jalna,Jalna,Maharashtra,2009-01-26,Express,1746,MGR0010,19.842803,75.936255
ST00621,Dmart Jalna - Hypermarket 621,Jalna,Jalna,Maharashtra,2006-03-15,Hypermarket,29459,MGR0292,19.912942,75.928965
ST00622,Dmart Dhule - Mini-mart 622,Dhule,Dhule,Maharashtra,2015-03-27,Mini-mart,9994,MGR0028,20.929152,74.703212
ST00623,Dmart Ahmednagar - Mini-mart 623,Ahmednagar,Ahmednagar,Maharashtra,2014-04-19,Mini-mart,13728,MGR0194,19.13387,74.708445
ST00624,Dmart Parbhani - Mini-mart 624,Parbhani,Parbhani,Maharashtra,2023-09-17,Mini-mart,14026,MGR0048,19.266453,76.774203
ST00625,Dmart Dhule - Mini-mart 625,Dhule,Dhule,Maharashtra,2021-02-11,Mini-mart,6325,MGR0205,20.850701,74.789386
ST00626,Dmart Nashik - Express 626,Nashik,Nashik,Maharashtra,2018-11-07,Express,2183,MGR0011,20.00102,73.761017
ST00627,Dmart Amravati - Mini-mart 627,Amravati,Amravati,Maharashtra,2014-11-14,Mini-mart,6952,MGR0121,20.882079,77.814822
ST00628,Dmart Pimpri-Chinchwad - Hypermarket 628,Pimpri-Chinchwad,Pune,Maharashtra,2010-07-07,Hypermarket,45369,MGR0261,18.607294,73.789956
ST00629,Dmart Satara - Express 629,Satara,Satara,Maharashtra,2021-10-19,Express,2049,MGR0319,17.719956,73.941408
ST00630,Dmart Satara - Mini-mart 630,Satara,Satara,Maharashtra,2015-12-13,Mini-mart,14147,MGR0150,17.740504,73.964449
ST00631,Dmart Ahmednagar - Hypermarket 631,Ahmednagar,Ahmednagar,Maharashtra,2009-02-17,Hypermarket,37994,MGR0103,19.139237,74.755155
ST00632,Dmart Palghar - Hypermarket 632,Palghar,Palghar,Maharashtra,2010-04-18,Hypermarket,25489,MGR0072,19.715075,72.72195
ST00633,Dmart Sangli - Mini-mart 633,Sangli,Sangli,Maharashtra,2015-02-04,Mini-mart,10891,MGR0095,16.777173,74.5508
ST00634,Dmart Beed - Express 634,Beed,Beed,Maharashtra,2019-07-01,Express,2802,MGR0227,19.041698,75.717906
ST00635,Dmart Amravati - Mini-mart 635,Amravati,Amravati,Maharashtra,2010-04-05,Mini-mart,10114,MGR0351,21.003318,77.717142
ST00636,Dmart Jalna - Mini-mart 636,Jalna,Jalna,Maharashtra,2010-07-20,Mini-mart,10448,MGR0009,19.895759,75.962186
ST00637,Dmart Satara - Mini-mart 637,Satara,Satara,Maharashtra,2009-05-19,Mini-mart,8966,MGR0060,17.69395,73.945491
ST00638,Dmart Yavatmal - Mini-mart 638,Yavatmal,Yavatmal,Maharashtra,2011-04-06,Mini-mart,11881,MGR0387,20.336787,78.064609
ST00639,Dmart Panvel - Mini-mart 639,Panvel,Raigad,Maharashtra,2022-03-03,Mini-mart,14992,MGR0362,18.953979,73.141164
ST00640,Dmart Navi Mumbai - Mini-mart 640,Navi Mumbai,Thane,Maharashtra,2012-07-25,Mini-mart,7008,MGR0095,19.08556,73.104922
ST00641,Dmart Dhule - Mini-mart 641,Dhule,Dhule,Maharashtra,2018-03-11,Mini-mart,13818,MGR0345,20.869032,74.819033
ST00642,Dmart Nagpur - Mini-mart 642,Nagpur,Nagpur,Maharashtra,2023-07-24,Mini-mart,12888,MGR0340,21.22518,79.025354
ST00643,Dmart Mumbai - Mini-mart 643,Mumbai,Mumbai City,Maharashtra,2005-06-06,Mini-mart,14967,MGR0342,19.119289,72.800716
ST00644,Dmart Wardha - Mini-mart 644,Wardha,Wardha,Maharashtra,2005-02-13,Mini-mart,13085,MGR0159,20.731165,78.552235
ST00645,Dmart Akola - Mini-mart 645,Akola,Akola,Maharashtra,2019-07-24,Mini-mart,12766,MGR0351,20.639722,76.946482
ST00646,Dmart Aurangabad (Chh. Sambhajinagar) - Mini-mart 646,Aurangabad (Chh. Sambhajinagar),Aurangabad,Maharashtra,2016-10-27,Mini-mart,13782,MGR0098,19.809764,75.329508
ST00647,Dmart Palghar - Express 647,Palghar,Palghar,Maharashtra,2005-07-02,Express,4066,MGR0289,19.725922,72.722899
ST00648,Dmart Bhandara - Express 648,Bhandara,Bhandara,Maharashtra,2016-08-24,Express,2609,MGR0193,21.167305,79.586509
ST00649,Dmart Mumbai - Express 649,Mumbai,Mumbai City,Maharashtra,2006-05-25,Express,1995,MGR0020,19.000741,72.956045
ST00650,Dmart Wardha - Mini-mart 650,Wardha,Wardha,Maharashtra,2018-12-06,Mini-mart,10720,MGR0101,20.781413,78.567601
ST00651,Dmart Aurangabad (Chh. Sambhajinagar) - Mini-mart 651,Aurangabad (Chh. Sambhajinagar),Aurangabad,Maharashtra,2013-09-10,Mini-mart,8115,MGR0100,19.915577,75.38646
ST00652,Dmart Jalgaon - Hypermarket 652,Jalgaon,Jalgaon,Maharashtra,2017-12-27,Hypermarket,50343,MGR0097,20.971578,75.612764
ST00653,Dmart Pune - Mini-mart 653,Pune,Pune,Maharashtra,2009-01-18,Mini-mart,14841,MGR0221,18.53254,73.825251
ST00654,Dmart Navi Mumbai - Hypermarket 654,Navi Mumbai,Thane,Maharashtra,2013-11-23,Hypermarket,55672,MGR0077,19.08442,72.962351
ST00655,Dmart Nanded - Hypermarket 655,Nanded,Nanded,Maharashtra,2017-10-26,Hypermarket,42123,MGR0340,19.215302,77.348523
ST00656,Dmart Chandrapur - Mini-mart 656,Chandrapur,Chandrapur,Maharashtra,2006-08-05,Mini-mart,9827,MGR0353,19.919172,79.295578
ST00657,Dmart Bhandara - Hypermarket 657,Bhandara,Bhandara,Maharashtra,2007-12-24,Hypermarket,50543,MGR0174,21.11589,79.625134
ST00658,Dmart Mumbai - Mini-mart 658,Mumbai,Mumbai City,Maharashtra,2017-12-10,Mini-mart,9048,MGR0261,19.107988,72.849193
ST00659,Dmart Palghar - Hypermarket 659,Palghar,Palghar,Maharashtra,2007-12-05,Hypermarket,55000,MGR0345,19.665483,72.793427
ST00660,Dmart Osmanabad - Mini-mart 660,Osmanabad,Osmanabad,Maharashtra,2016-02-13,Mini-mart,10965,MGR0220,18.177455,76.04385
ST00661,Dmart Amravati - Express 661,Amravati,Amravati,Maharashtra,2022-11-14,Express,3735,MGR0044,20.957056,77.835514
ST00662,Dmart Buldhana - Hypermarket 662,Buldhana,Buldhana,Maharashtra,2011-04-05,Hypermarket,36582,MGR0179,20.501354,76.144304
ST00663,Dmart Yavatmal - Hypermarket 663,Yavatmal,Yavatmal,Maharashtra,2006-09-05,Hypermarket,47697,MGR0071,20.344148,78.072507
ST00664,Dmart Pune - Mini-mart 664,Pune,Pune,Maharashtra,2011-04-16,Mini-mart,9906,MGR0397,18.587343,73.811112
ST00665,Dmart Parbhani - Mini-mart 665,Parbhani,Parbhani,Maharashtra,2015-10-13,Mini-mart,7807,MGR0051,19.210312,76.746677
ST00666,Dmart Beed - Express 666,Beed,Beed,Maharashtra,2023-07-13,Express,1875,MGR0063,19.018881,75.826729
ST00667,Dmart Latur - Hypermarket 667,Latur,Latur,Maharashtra,2006-05-18,Hypermarket,40916,MGR0324,18.383255,76.620384
ST00668,Dmart Yavatmal - Hypermarket 668,Yavatmal,Yavatmal,Maharashtra,2023-01-24,Hypermarket,34579,MGR0113,20.414419,78.063165
ST00669,Dmart Thane - Hypermarket 669,Thane,Thane,Maharashtra,2019-11-20,Hypermarket,28897,MGR0377,19.14575,73.019711
ST00670,Dmart Kolhapur - Express 670,Kolhapur,Kolhapur,Maharashtra,2005-04-08,Express,2717,MGR0181,16.762052,74.279875
ST00671,Dmart Mumbai - Hypermarket 671,Mumbai,Mumbai City,Maharashtra,2020-11-12,Hypermarket,41506,MGR0160,19.102974,72.861734
ST00672,Dmart Nagpur - Mini-mart 672,Nagpur,Nagpur,Maharashtra,2014-12-27,Mini-mart,13997,MGR0178,21.12057,79.067975
ST00673,Dmart Solapur - Mini-mart 673,Solapur,Solapur,Maharashtra,2014-06-12,Mini-mart,13319,MGR0067,17.635325,75.953372
ST00674,Dmart Dhule - Mini-mart 674,Dhule,Dhule,Maharashtra,2013-07-02,Mini-mart,9920,MGR0078,20.879363,74.789359
ST00675,Dmart Thane - Hypermarket 675,Thane,Thane,Maharashtra,2008-07-21,Hypermarket,42731,MGR0107,19.236291,72.909326
ST00676,Dmart Parbhani - Express 676,Parbhani,Parbhani,Maharashtra,2006-08-21,Express,2407,MGR0164,19.241034,76.826581
ST00677,Dmart Pune - Hypermarket 677,Pune,Pune,Maharashtra,2012-09-21,Hypermarket,37014,MGR0273,18.448326,73.797693
ST00678,Dmart Amravati - Hypermarket 678,Amravati,Amravati,Maharashtra,2013-10-10,Hypermarket,47341,MGR0115,20.868854,77.705429
ST00679,Dmart Jalgaon - Mini-mart 679,Jalgaon,Jalgaon,Maharashtra,2022-02-25,Mini-mart,9556,MGR0079,21.012468,75.540857
ST00680,Dmart Nashik - Express 680,Nashik,Nashik,Maharashtra,2014-05-18,Express,3407,MGR0395,19.927935,73.858938
ST00681,Dmart Kolhapur - Mini-mart 681,Kolhapur,Kolhapur,Maharashtra,2020-07-05,Mini-mart,10330,MGR0175,16.668598,74.268711
ST00682,Dmart Navi Mumbai - Hypermarket 682,Navi Mumbai,Thane,Maharashtra,2005-08-08,Hypermarket,44937,MGR0159,18.953704,73.021153
ST00683,Dmart Palghar - Hypermarket 683,Palghar,Palghar,Maharashtra,2013-01-21,Hypermarket,25212,MGR0110,19.721779,72.734778
ST00684,Dmart Ratnagiri - Express 684,Ratnagiri,Ratnagiri,Maharashtra,2012-12-26,Express,3548,MGR0347,16.965424,73.339935
ST00685,Dmart Sangli - Mini-mart 685,Sangli,Sangli,Maharashtra,2020-01-21,Mini-mart,10087,MGR0110,16.925261,74.552033
ST00686,Dmart Aurangabad (Chh. Sambhajinagar) - Hypermarket 686,Aurangabad (Chh. Sambhajinagar),Aurangabad,Maharashtra,2017-11-16,Hypermarket,31350,MGR0303,19.866096,75.296696
ST00687,Dmart Latur - Mini-mart 687,Latur,Latur,Maharashtra,2023-09-03,Mini-mart,10253,MGR0164,18.423952,76.550199
ST00688,Dmart Akola - Mini-mart 688,Akola,Akola,Maharashtra,2021-07-11,Mini-mart,7852,MGR0376,20.688685,76.930747
ST00689,Dmart Aurangabad (Chh. Sambhajinagar) - Mini-mart 689,Aurangabad (Chh. Sambhajinagar),Aurangabad,Maharashtra,2022-07-10,Mini-mart,14999,MGR0286,19.840144,75.369685
ST00690,Dmart Akola - Mini-mart 690,Akola,Akola,Maharashtra,2020-03-27,Mini-mart,8657,MGR0166,20.746091,77.073636
ST00691,Dmart Nagpur - Mini-mart 691,Nagpur,Nagpur,Maharashtra,2016-09-05,Mini-mart,6365,MGR0133,21.198048,79.019991
ST00692,Dmart Akola - Hypermarket 692,Akola,Akola,Maharashtra,2005-11-12,Hypermarket,25376,MGR0170,20.664189,76.996852
ST00693,Dmart Solapur - Mini-mart 693,Solapur,Solapur,Maharashtra,2007-08-12,Mini-mart,11323,MGR0055,17.703968,75.85867
ST00694,Dmart Sangli - Express 694,Sangli,Sangli,Maharashtra,2021-02-04,Express,1938,MGR0379,16.846487,74.602338
ST00695,Dmart Satara - Mini-mart 695,Satara,Satara,Maharashtra,2007-11-08,Mini-mart,13269,MGR0109,17.724531,74.044254
ST00696,Dmart Raigad - Mini-mart 696,Raigad,Raigad,Maharashtra,2008-06-25,Mini-mart,9585,MGR0254,18.505147,73.141326
ST00697,Dmart Jalgaon - Mini-mart 697,Jalgaon,Jalgaon,Maharashtra,2010-07-22,Mini-mart,12375,MGR0089,21.036569,75.5446
ST00698,Dmart Jalna - Hypermarket 698,Jalna,Jalna,Maharashtra,2019-08-10,Hypermarket,37721,MGR0136,19.898576,75.941673
ST00699,Dmart Nanded - Mini-mart 699,Nanded,Nanded,Maharashtra,2017-12-09,Mini-mart,13585,MGR0090,19.103184,77.311737
ST00700,Dmart Jalgaon - Mini-mart 700,Jalgaon,Jalgaon,Maharashtra,2006-03-27,Mini-mart,7805,MGR0203,21.069906,75.609383
ST00701,Dmart Yavatmal - Mini-mart 701,Yavatmal,Yavatmal,Maharashtra,2021-11-04,Mini-mart,14013,MGR0284,20.400346,78.18111
ST00702,Dmart Jalgaon - Mini-mart 702,Jalgaon,Jalgaon,Maharashtra,2020-02-06,Mini-mart,10098,MGR0186,20.989683,75.633188
ST00703,Dmart Buldhana - Express 703,Buldhana,Buldhana,Maharashtra,2007-09-16,Express,4120,MGR0368,20.514468,76.163247
ST00704,Dmart Wardha - Mini-mart 704,Wardha,Wardha,Maharashtra,2017-06-06,Mini-mart,11149,MGR0137,20.699878,78.599794
ST00705,Dmart Kolhapur - Mini-mart 705,Kolhapur,Kolhapur,Maharashtra,2021-08-18,Mini-mart,10763,MGR0315,16.665146,74.264265
ST00706,Dmart Ratnagiri - Mini-mart 706,Ratnagiri,Ratnagiri,Maharashtra,2023-08-15,Mini-mart,13895,MGR0075,17.051735,73.228536
ST00707,Dmart Aurangabad (Chh. Sambhajinagar) - Express 707,Aurangabad (Chh. Sambhajinagar),Aurangabad,Maharashtra,2015-10-02,Express,3360,MGR0238,19.921494,75.368195
ST00708,Dmart Wardha - Hypermarket 708,Wardha,Wardha,Maharashtra,2016-03-24,Hypermarket,49189,MGR0392,20.701746,78.560069
ST00709,Dmart Latur - Hypermarket 709,Latur,Latur,Maharashtra,2017-09-07,Hypermarket,55053,MGR0064,18.354251,76.558217
ST00710,Dmart Panvel - Hypermarket 710,Panvel,Raigad,Maharashtra,2005-05-01,Hypermarket,33529,MGR0127,18.914385,73.136897
ST00711,Dmart Panvel - Hypermarket 711,Panvel,Raigad,Maharashtra,2018-11-25,Hypermarket,46932,MGR0233,18.975316,73.111916
ST00712,Dmart Jalgaon - Express 712,Jalgaon,Jalgaon,Maharashtra,2007-11-21,Express,4699,MGR0090,20.977418,75.5083
ST00713,Dmart Aurangabad (Chh. Sambhajinagar) - Mini-mart 713,Aurangabad (Chh. Sambhajinagar),Aurangabad,Maharashtra,2015-03-06,Mini-mart,11423,MGR0367,19.812696,75.2644
ST00714,Dmart Kolhapur - Express 714,Kolhapur,Kolhapur,Maharashtra,2017-08-09,Express,2743,MGR0090,16.651942,74.238684
ST00715,Dmart Bhandara - Mini-mart 715,Bhandara,Bhandara,Maharashtra,2014-08-08,Mini-mart,9048,MGR0306,21.113462,79.579117
ST00716,Dmart Ratnagiri - Express 716,Ratnagiri,Ratnagiri,Maharashtra,2020-09-22,Express,3777,MGR0161,16.951991,73.305085
ST00717,Dmart Navi Mumbai - Express 717,Navi Mumbai,Thane,Maharashtra,2006-04-24,Express,2189,MGR0203,19.030874,73.045836
ST00718,Dmart Palghar - Express 718,Palghar,Palghar,Maharashtra,2015-11-13,Express,4439,MGR0252,19.718501,72.782872
ST00719,Dmart Beed - Mini-mart 719,Beed,Beed,Maharashtra,2014-01-03,Mini-mart,12574,MGR0003,19.045363,75.687528
ST00720,Dmart Beed - Mini-mart 720,Beed,Beed,Maharashtra,2011-11-21,Mini-mart,8128,MGR0076,19.050622,75.802178
ST00721,Dmart Pimpri-Chinchwad - Hypermarket 721,Pimpri-Chinchwad,Pune,Maharashtra,2015-05-12,Hypermarket,33426,MGR0099,18.709623,73.756444
ST00722,Dmart Beed - Hypermarket 722,Beed,Beed,Maharashtra,2020-03-25,Hypermarket,54072,MGR0169,18.99847,75.699346
ST00723,Dmart Chandrapur - Mini-mart 723,Chandrapur,Chandrapur,Maharashtra,2018-07-27,Mini-mart,6506,MGR0241,19.890378,79.243079
ST00724,Dmart Osmanabad - Mini-mart 724,Osmanabad,Osmanabad,Maharashtra,2009-12-08,Mini-mart,9905,MGR0205,18.205772,76.019098
ST00725,Dmart Akola - Mini-mart 725,Akola,Akola,Maharashtra,2012-05-07,Mini-mart,9393,MGR0181,20.701117,77.08569
ST00726,Dmart Satara - Mini-mart 726,Satara,Satara,Maharashtra,2007-05-25,Mini-mart,10273,MGR0287,17.628414,74.031316
ST00727,Dmart Latur - Hypermarket 727,Latur,Latur,Maharashtra,2006-05-14,Hypermarket,39584,MGR0313,18.39541,76.630378
ST00728,Dmart Nanded - Mini-mart 728,Nanded,Nanded,Maharashtra,2020-05-13,Mini-mart,6157,MGR0146,19.217472,77.329898
ST00729,Dmart Mumbai - Mini-mart 729,Mumbai,Mumbai City,Maharashtra,2023-11-07,Mini-mart,11455,MGR0225,19.043129,72.801348
ST00730,Dmart Jalna - Express 730,Jalna,Jalna,Maharashtra,2021-02-23,Express,3076,MGR0115,19.842598,75.940269
ST00731,Dmart Sangli - Mini-mart 731,Sangli,Sangli,Maharashtra,2011-12-03,Mini-mart,12753,MGR0047,16.920623,74.597735
ST00732,Dmart Nanded - Hypermarket 732,Nanded,Nanded,Maharashtra,2018-08-16,Hypermarket,51834,MGR0123,19.127364,77.329688
ST00733,Dmart Beed - Hypermarket 733,Beed,Beed,Maharashtra,2007-03-22,Hypermarket,44339,MGR0366,19.065353,75.728044
ST00734,Dmart Raigad - Hypermarket 734,Raigad,Raigad,Maharashtra,2011-11-27,Hypermarket,31131,MGR0200,18.444663,73.108582
ST00735,Dmart Buldhana - Express 735,Buldhana,Buldhana,Maharashtra,2005-07-16,Express,3675,MGR0128,20.597908,76.153889
ST00736,Dmart Kolhapur - Express 736,Kolhapur,Kolhapur,Maharashtra,2016-11-21,Express,3191,MGR0111,16.730349,74.177374
ST00737,Dmart Bhandara - Hypermarket 737,Bhandara,Bhandara,Maharashtra,2011-01-12,Hypermarket,41587,MGR0130,21.181125,79.644937
ST00738,Dmart Navi Mumbai - Express 738,Navi Mumbai,Thane,Maharashtra,2014-02-24,Express,4788,MGR0166,19.056816,73.067059
ST00739,Dmart Jalgaon - Express 739,Jalgaon,Jalgaon,Maharashtra,2021-04-18,Express,1934,MGR0286,21.027809,75.616554
ST00740,Dmart Palghar - Hypermarket 740,Palghar,Palghar,Maharashtra,2009-03-17,Hypermarket,26639,MGR0002,19.697574,72.76993
ST00741,Dmart Dhule - Mini-mart 741,Dhule,Dhule,Maharashtra,2009-09-10,Mini-mart,11296,MGR0022,20.962787,74.698525
ST00742,Dmart Osmanabad - Express 742,Osmanabad,Osmanabad,Maharashtra,2019-08-06,Express,3503,MGR0272,18.125585,76.069888
ST00743,Dmart Pune - Express 743,Pune,Pune,Maharashtra,2010-05-21,Express,3050,MGR0301,18.52726,73.817869
ST00744,Dmart Yavatmal - Hypermarket 744,Yavatmal,Yavatmal,Maharashtra,2012-03-18,Hypermarket,31025,MGR0008,20.317134,78.189182
ST00745,Dmart Pimpri-Chinchwad - Hypermarket 745,Pimpri-Chinchwad,Pune,Maharashtra,2021-03-04,Hypermarket,27553,MGR0385,18.695558,73.784459
ST00746,Dmart Panvel - Mini-mart 746,Panvel,Raigad,Maharashtra,2011-04-02,Mini-mart,11478,MGR0049,18.925779,73.127238
ST00747,Dmart Buldhana - Hypermarket 747,Buldhana,Buldhana,Maharashtra,2020-06-26,Hypermarket,28456,MGR0055,20.449912,76.131776
ST00748,Dmart Navi Mumbai - Express 748,Navi Mumbai,Thane,Maharashtra,2008-05-09,Express,4704,MGR0162,19.066997,73.050008
ST00749,Dmart Osmanabad - Hypermarket 749,Osmanabad,Osmanabad,Maharashtra,2017-07-08,Hypermarket,31444,MGR0056,18.152924,76.010851
ST00750,Dmart Jalna - Mini-mart 750,Jalna,Jalna,Maharashtra,2005-07-12,Mini-mart,13756,MGR0081,19.77747,75.937899
ST00751,Dmart Navi Mumbai - Hypermarket 751,Navi Mumbai,Thane,Maharashtra,2005-10-13,Hypermarket,41775,MGR0300,19.093131,73.046034
ST00752,Dmart Sangli - Mini-mart 752,Sangli,Sangli,Maharashtra,2023-08-09,Mini-mart,10677,MGR0234,16.797178,74.643206
ST00753,Dmart Nanded - Hypermarket 753,Nanded,Nanded,Maharashtra,2021-11-04,Hypermarket,37896,MGR0366,19.136764,77.394014
ST00754,Dmart Wardha - Express 754,Wardha,Wardha,Maharashtra,2012-05-27,Express,4508,MGR0302,20.757674,78.637349
ST00755,Dmart Osmanabad - Express 755,Osmanabad,Osmanabad,Maharashtra,2011-04-27,Express,4851,MGR0394,18.16654,75.993856
ST00756,Dmart Beed - Express 756,Beed,Beed,Maharashtra,2021-04-14,Express,3441,MGR0243,18.962236,75.751837
ST00757,Dmart Chandrapur - Mini-mart 757,Chandrapur,Chandrapur,Maharashtra,2023-08-08,Mini-mart,14477,MGR0396,19.920126,79.258067
ST00758,Dmart Nanded - Mini-mart 758,Nanded,Nanded,Maharashtra,2019-09-15,Mini-mart,6661,MGR0134,19.060261,77.342157
ST00759,Dmart Thane - Mini-mart 759,Thane,Thane,Maharashtra,2023-04-11,Mini-mart,14658,MGR0170,19.178446,72.953614
ST00760,Dmart Amravati - Mini-mart 760,Amravati,Amravati,Maharashtra,2015-01-03,Mini-mart,7206,MGR0367,20.922502,77.752103
ST00761,Dmart Ahmednagar - Mini-mart 761,Ahmednagar,Ahmednagar,Maharashtra,2011-01-10,Mini-mart,13664,MGR0058,19.038622,74.765964
ST00762,Dmart Solapur - Mini-mart 762,Solapur,Solapur,Maharashtra,2016-10-08,Mini-mart,7318,MGR0297,17.619381,75.852132
ST00763,Dmart Akola - Express 763,Akola,Akola,Maharashtra,2018-08-08,Express,3932,MGR0331,20.664541,76.982549
ST00764,Dmart Yavatmal - Express 764,Yavatmal,Yavatmal,Maharashtra,2021-04-11,Express,3538,MGR0028,20.424546,78.160198
ST00765,Dmart Pimpri-Chinchwad - Hypermarket 765,Pimpri-Chinchwad,Pune,Maharashtra,2012-10-15,Hypermarket,48316,MGR0263,18.653951,73.864397
ST00766,Dmart Amravati - Mini-mart 766,Amravati,Amravati,Maharashtra,2017-05-08,Mini-mart,8949,MGR0327,20.960537,77.711963
ST00767,Dmart Buldhana - Express 767,Buldhana,Buldhana,Maharashtra,2013-12-07,Express,4595,MGR0171,20.57465,76.233416
ST00768,Dmart Mumbai - Hypermarket 768,Mumbai,Mumbai City,Maharashtra,2020-01-16,Hypermarket,36049,MGR0239,19.100034,72.906786
ST00769,Dmart Amravati - Express 769,Amravati,Amravati,Maharashtra,2016-10-06,Express,2257,MGR0088,20.968873,77.824946
ST00770,Dmart Palghar - Hypermarket 770,Palghar,Palghar,Maharashtra,2017-02-06,Hypermarket,31613,MGR0077,19.689785,72.834229
ST00771,Dmart Nashik - Mini-mart 771,Nashik,Nashik,Maharashtra,2005-06-04,Mini-mart,13432,MGR0174,19.983363,73.759749
ST00772,Dmart Amravati - Mini-mart 772,Amravati,Amravati,Maharashtra,2014-09-07,Mini-mart,6864,MGR0081,20.918873,77.723046
ST00773,Dmart Pune - Express 773,Pune,Pune,Maharashtra,2008-02-21,Express,2741,MGR0091,18.571298,73.819524
ST00774,Dmart Pune - Mini-mart 774,Pune,Pune,Maharashtra,2018-09-09,Mini-mart,11342,MGR0187,18.445404,73.930291
ST00775,Dmart Dhule - Mini-mart 775,Dhule,Dhule,Maharashtra,2023-06-21,Mini-mart,14845,MGR0314,20.825174,74.844096
ST00776,Dmart Pimpri-Chinchwad - Express 776,Pimpri-Chinchwad,Pune,Maharashtra,2017-12-04,Express,4360,MGR0240,18.606969,73.790566
ST00777,Dmart Beed - Mini-mart 777,Beed,Beed,Maharashtra,2010-02-14,Mini-mart,9306,MGR0332,18.94177,75.831132
ST00778,Dmart Parbhani - Hypermarket 778,Parbhani,Parbhani,Maharashtra,2008-10-01,Hypermarket,30444,MGR0295,19.344085,76.723286
ST00779,Dmart Aurangabad (Chh. Sambhajinagar) - Mini-mart 779,Aurangabad (Chh. Sambhajinagar),Aurangabad,Maharashtra,2017-06-02,Mini-mart,12621,MGR0003,19.888114,75.382901
ST00780,Dmart Jalna - Express 780,Jalna,Jalna,Maharashtra,2008-03-01,Express,3356,MGR0258,19.791708,75.816565
ST00781,Dmart Ratnagiri - Hypermarket 781,Ratnagiri,Ratnagiri,Maharashtra,2019-09-08,Hypermarket,48986,MGR0023,17.043963,73.347384
ST00782,Dmart Dhule - Mini-mart 782,Dhule,Dhule,Maharashtra,2012-08-18,Mini-mart,12043,MGR0026,20.975317,74.728137
ST00783,Dmart Raigad - Hypermarket 783,Raigad,Raigad,Maharashtra,2006-06-15,Hypermarket,48901,MGR0229,18.595618,73.106348
ST00784,Dmart Navi Mumbai - Mini-mart 784,Navi Mumbai,Thane,Maharashtra,2005-11-08,Mini-mart,14401,MGR0365,19.093884,72.972609
ST00785,Dmart Ratnagiri - Express 785,Ratnagiri,Ratnagiri,Maharashtra,2022-08-24,Express,2594,MGR0095,16.966147,73.357669
ST00786,Dmart Sangli - Express 786,Sangli,Sangli,Maharashtra,2009-01-15,Express,2571,MGR0102,16.799793,74.582592
ST00787,Dmart Satara - Mini-mart 787,Satara,Satara,Maharashtra,2015-05-01,Mini-mart,9068,MGR0068,17.664504,74.064055
ST00788,Dmart Nagpur - Hypermarket 788,Nagpur,Nagpur,Maharashtra,2006-06-20,Hypermarket,45702,MGR0131,21.083426,79.165178
ST00789,Dmart Satara - Hypermarket 789,Satara,Satara,Maharashtra,2016-07-18,Hypermarket,31161,MGR0178,17.640429,74.007008
ST00790,Dmart Dhule - Mini-mart 790,Dhule,Dhule,Maharashtra,2022-04-04,Mini-mart,13673,MGR0080,20.976931,74.82459
ST00791,Dmart Osmanabad - Express 791,Osmanabad,Osmanabad,Maharashtra,2020-05-12,Express,3315,MGR0336,18.226346,76.00956
ST00792,Dmart Aurangabad (Chh. Sambhajinagar) - Mini-mart 792,Aurangabad (Chh. Sambhajinagar),Aurangabad,Maharashtra,2006-12-18,Mini-mart,12688,MGR0220,19.891949,75.359283
ST00793,Dmart Thane - Mini-mart 793,Thane,Thane,Maharashtra,2018-08-21,Mini-mart,6490,MGR0268,19.211067,72.944158
ST00794,Dmart Bhandara - Mini-mart 794,Bhandara,Bhandara,Maharashtra,2009-08-08,Mini-mart,11556,MGR0351,21.135241,79.625361
ST00795,Dmart Sangli - Hypermarket 795,Sangli,Sangli,Maharashtra,2009-05-17,Hypermarket,48462,MGR0041,16.800349,74.650739
ST00796,Dmart Parbhani - Mini-mart 796,Parbhani,Parbhani,Maharashtra,2018-03-16,Mini-mart,13824,MGR0351,19.214085,76.683
ST00797,Dmart Wardha - Express 797,Wardha,Wardha,Maharashtra,2005-02-03,Express,2640,MGR0392,20.773578,78.658311
ST00798,Dmart Osmanabad - Mini-mart 798,Osmanabad,Osmanabad,Maharashtra,2016-04-26,Mini-mart,10896,MGR0287,18.220674,76.113994
ST00799,Dmart Nashik - Mini-mart 799,Nashik,Nashik,Maharashtra,2022-08-12,Mini-mart,11170,MGR0171,20.044081,73.803338
ST00800,Dmart Panvel - Mini-mart 800,Panvel,Raigad,Maharashtra,2017-11-01,Mini-mart,8178,MGR0166,19.001315,73.1135
ST00801,Dmart Bhandara - Hypermarket 801,Bhandara,Bhandara,Maharashtra,2013-11-15,Hypermarket,43607,MGR0219,21.175849,79.581309
ST00802,Dmart Ahmednagar - Mini-mart 802,Ahmednagar,Ahmednagar,Maharashtra,2016-01-13,Mini-mart,8646,MGR0284,19.061103,74.773873
ST00803,Dmart Dhule - Hypermarket 803,Dhule,Dhule,Maharashtra,2006-11-27,Hypermarket,46949,MGR0242,20.835198,74.765765
ST00804,Dmart Solapur - Mini-mart 804,Solapur,Solapur,Maharashtra,2022-01-24,Mini-mart,7476,MGR0243,17.697476,75.949397
ST00805,Dmart Navi Mumbai - Mini-mart 805,Navi Mumbai,Thane,Maharashtra,2018-03-27,Mini-mart,8144,MGR0168,18.964381,72.967815
ST00806,Dmart Latur - Mini-mart 806,Latur,Latur,Maharashtra,2014-01-05,Mini-mart,6971,MGR0225,18.391432,76.607915
ST00807,Dmart Ratnagiri - Mini-mart 807,Ratnagiri,Ratnagiri,Maharashtra,2020-03-21,Mini-mart,8408,MGR0232,16.927402,73.289537
ST00808,Dmart Solapur - Express 808,Solapur,Solapur,Maharashtra,2018-08-06,Express,3057,MGR0144,17.626099,75.858867
ST00809,Dmart Yavatmal - Express 809,Yavatmal,Yavatmal,Maharashtra,2019-09-21,Express,1966,MGR0167,20.311263,78.124939
ST00810,Dmart Pimpri-Chinchwad - Hypermarket 810,Pimpri-Chinchwad,Pune,Maharashtra,2023-04-17,Hypermarket,29551,MGR0356,18.654947,73.852865
ST00811,Dmart Bhandara - Express 811,Bhandara,Bhandara,Maharashtra,2016-07-07,Express,2765,MGR0206,21.231407,79.598486
ST00812,Dmart Bhandara - Express 812,Bhandara,Bhandara,Maharashtra,2020-11-15,Express,2795,MGR0149,21.114529,79.665548
ST00813,Dmart Buldhana - Hypermarket 813,Buldhana,Buldhana,Maharashtra,2017-03-27,Hypermarket,39719,MGR0307,20.591926,76.188203
ST00814,Dmart Navi Mumbai - Mini-mart 814,Navi Mumbai,Thane,Maharashtra,2008-09-01,Mini-mart,10886,MGR0117,18.972822,73.093809
ST00815,Dmart Wardha - Hypermarket 815,Wardha,Wardha,Maharashtra,2005-02-23,Hypermarket,54893,MGR0026,20.786676,78.60801
ST00816,Dmart Navi Mumbai - Express 816,Navi Mumbai,Thane,Maharashtra,2019-01-17,Express,4437,MGR0246,19.076563,73.037778
ST00817,Dmart Kolhapur - Mini-mart 817,Kolhapur,Kolhapur,Maharashtra,2012-03-14,Mini-mart,11765,MGR0330,16.784481,74.179034
ST00818,Dmart Bhandara - Express 818,Bhandara,Bhandara,Maharashtra,2010-01-19,Express,1725,MGR0355,21.214872,79.71315
ST00819,Dmart Parbhani - Mini-mart 819,Parbhani,Parbhani,Maharashtra,2010-04-05,Mini-mart,9714,MGR0110,19.332224,76.788932
ST00820,Dmart Parbhani - Hypermarket 820,Parbhani,Parbhani,Maharashtra,2022-08-27,Hypermarket,56348,MGR0267,19.33665,76.74092
ST00821,Dmart Aurangabad (Chh. Sambhajinagar) - Mini-mart 821,Aurangabad (Chh. Sambhajinagar),Aurangabad,Maharashtra,2010-11-10,Mini-mart,13779,MGR0272,19.807022,75.292602
ST00822,Dmart Raigad - Express 822,Raigad,Raigad,Maharashtra,2009-01-21,Express,4885,MGR0153,18.557348,73.222662
ST00823,Dmart Nashik - Mini-mart 823,Nashik,Nashik,Maharashtra,2019-06-12,Mini-mart,8024,MGR0096,19.926006,73.722603
ST00824,Dmart Aurangabad (Chh. Sambhajinagar) - Express 824,Aurangabad (Chh. Sambhajinagar),Aurangabad,Maharashtra,2020-06-19,Express,4761,MGR0165,19.853545,75.361909
ST00825,Dmart Ratnagiri - Express 825,Ratnagiri,Ratnagiri,Maharashtra,2007-11-23,Express,4304,MGR0097,16.998724,73.255751
ST00826,Dmart Sangli - Express 826,Sangli,Sangli,Maharashtra,2011-09-24,Express,3421,MGR0035,16.931684,74.660596
ST00827,Dmart Nagpur - Express 827,Nagpur,Nagpur,Maharashtra,2006-09-22,Express,2352,MGR0351,21.196147,79.138084
ST00828,Dmart Bhandara - Express 828,Bhandara,Bhandara,Maharashtra,2011-02-05,Express,3917,MGR0046,21.210308,79.672174
ST00829,Dmart Wardha - Express 829,Wardha,Wardha,Maharashtra,2015-05-25,Express,3808,MGR0166,20.762139,78.643844
ST00830,Dmart Osmanabad - Mini-mart 830,Osmanabad,Osmanabad,Maharashtra,2021-09-21,Mini-mart,9052,MGR0332,18.116008,76.082692
ST00831,Dmart Nanded - Hypermarket 831,Nanded,Nanded,Maharashtra,2014-09-14,Hypermarket,42981,MGR0209,19.185308,77.28904
ST00832,Dmart Latur - Mini-mart 832,Latur,Latur,Maharashtra,2014-09-09,Mini-mart,8828,MGR0338,18.444147,76.508238
ST00833,Dmart Dhule - Hypermarket 833,Dhule,Dhule,Maharashtra,2018-03-10,Hypermarket,37817,MGR0210,20.950893,74.80225
ST00834,Dmart Jalna - Mini-mart 834,Jalna,Jalna,Maharashtra,2016-07-07,Mini-mart,9009,MGR0039,19.900839,75.888418
ST00835,Dmart Jalna - Hypermarket 835,Jalna,Jalna,Maharashtra,2022-04-17,Hypermarket,41567,MGR0109,19.851785,75.880364
ST00836,Dmart Pune - Express 836,Pune,Pune,Maharashtra,2018-02-26,Express,2268,MGR0314,18.599578,73.914876
ST00837,Dmart Pune - Mini-mart 837,Pune,Pune,Maharashtra,2016-10-23,Mini-mart,9837,MGR0232,18.522595,73.865412
ST00838,Dmart Raigad - Mini-mart 838,Raigad,Raigad,Maharashtra,2010-08-19,Mini-mart,11131,MGR0294,18.543484,73.155339
ST00839,Dmart Sangli - Express 839,Sangli,Sangli,Maharashtra,2009-03-17,Express,1949,MGR0255,16.818707,74.520609
ST00840,Dmart Ahmednagar - Hypermarket 840,Ahmednagar,Ahmednagar,Maharashtra,2015-08-12,Hypermarket,30423,MGR0071,19.129199,74.714562
ST00841,Dmart Nashik - Hypermarket 841,Nashik,Nashik,Maharashtra,2018-12-10,Hypermarket,35904,MGR0197,19.924225,73.751491
ST00842,Dmart Ahmednagar - Express 842,Ahmednagar,Ahmednagar,Maharashtra,2007-12-23,Express,1796,MGR0235,19.098038,74.805176
ST00843,Dmart Jalgaon - Express 843,Jalgaon,Jalgaon,Maharashtra,2007-11-13,Express,1908,MGR0212,20.937481,75.615919
ST00844,Dmart Chandrapur - Hypermarket 844,Chandrapur,Chandrapur,Maharashtra,2020-06-08,Hypermarket,25955,MGR0352,19.983169,79.315865
ST00845,Dmart Panvel - Hypermarket 845,Panvel,Raigad,Maharashtra,2015-02-15,Hypermarket,35228,MGR0212,18.953011,73.079763
ST00846,Dmart Chandrapur - Express 846,Chandrapur,Chandrapur,Maharashtra,2020-11-07,Express,4220,MGR0117,19.95602,79.217594
ST00847,Dmart Pimpri-Chinchwad - Mini-mart 847,Pimpri-Chinchwad,Pune,Maharashtra,2014-03-14,Mini-mart,8798,MGR0327,18.680564,73.860092
ST00848,Dmart Aurangabad (Chh. Sambhajinagar) - Express 848,Aurangabad (Chh. Sambhajinagar),Aurangabad,Maharashtra,2021-04-17,Express,2367,MGR0100,19.839005,75.351726
ST00849,Dmart Mumbai - Mini-mart 849,Mumbai,Mumbai City,Maharashtra,2023-11-07,Mini-mart,11723,MGR0277,19.091092,72.821337
ST00850,Dmart Akola - Hypermarket 850,Akola,Akola,Maharashtra,2008-01-15,Hypermarket,53564,MGR0267,20.679139,77.032528
ST00851,Dmart Raigad - Mini-mart 851,Raigad,Raigad,Maharashtra,2020-01-15,Mini-mart,10561,MGR0172,18.53837,73.189568
ST00852,Dmart Navi Mumbai - Mini-mart 852,Navi Mumbai,Thane,Maharashtra,2021-01-03,Mini-mart,8821,MGR0063,19.03261,72.999364
ST00853,Dmart Bhandara - Hypermarket 853,Bhandara,Bhandara,Maharashtra,2007-04-10,Hypermarket,49303,MGR0248,21.214675,79.633789
ST00854,Dmart Akola - Mini-mart 854,Akola,Akola,Maharashtra,2008-12-19,Mini-mart,10281,MGR0089,20.741111,76.983392
ST00855,Dmart Nanded - Mini-mart 855,Nanded,Nanded,Maharashtra,2007-07-07,Mini-mart,14158,MGR0331,19.112147,77.347735
ST00856,Dmart Wardha - Hypermarket 856,Wardha,Wardha,Maharashtra,2015-12-26,Hypermarket,37816,MGR0193,20.682617,78.632252
ST00857,Dmart Wardha - Express 857,Wardha,Wardha,Maharashtra,2006-05-21,Express,3501,MGR0232,20.795849,78.659998
ST00858,Dmart Sangli - Mini-mart 858,Sangli,Sangli,Maharashtra,2016-07-15,Mini-mart,6652,MGR0063,16.782153,74.581287
ST00859,Dmart Satara - Express 859,Satara,Satara,Maharashtra,2006-11-11,Express,4239,MGR0304,17.713018,73.939922
ST00860,Dmart Nagpur - Hypermarket 860,Nagpur,Nagpur,Maharashtra,2023-02-13,Hypermarket,46913,MGR0329,21.184816,79.160004
ST00861,Dmart Dhule - Express 861,Dhule,Dhule,Maharashtra,2017-11-04,Express,1965,MGR0335,20.963574,74.71917
ST00862,Dmart Osmanabad - Express 862,Osmanabad,Osmanabad,Maharashtra,2013-05-02,Express,2108,MGR0182,18.125911,75.965201
ST00863,Dmart Raigad - Express 863,Raigad,Raigad,Maharashtra,2008-04-20,Express,4693,MGR0088,18.503939,73.174731
ST00864,Dmart Beed - Express 864,Beed,Beed,Maharashtra,2019-07-13,Express,4988,MGR0155,18.97194,75.695472
ST00865,Dmart Kolhapur - Mini-mart 865,Kolhapur,Kolhapur,Maharashtra,2007-07-02,Mini-mart,12448,MGR0339,16.661039,74.167726
ST00866,Dmart Sangli - Hypermarket 866,Sangli,Sangli,Maharashtra,2009-10-03,Hypermarket,26337,MGR0354,16.874018,74.566003
ST00867,Dmart Amravati - Mini-mart 867,Amravati,Amravati,Maharashtra,2023-11-09,Mini-mart,13464,MGR0195,20.893591,77.745808
ST00868,Dmart Panvel - Express 868,Panvel,Raigad,Maharashtra,2013-01-01,Express,1676,MGR0074,19.03914,73.121255
ST00869,Dmart Yavatmal - Mini-mart 869,Yavatmal,Yavatmal,Maharashtra,2007-11-02,Mini-mart,13999,MGR0077,20.314089,78.132033
ST00870,Dmart Wardha - Hypermarket 870,Wardha,Wardha,Maharashtra,2014-06-03,Hypermarket,27915,MGR0097,20.72108,78.638879
ST00871,Dmart Wardha - Hypermarket 871,Wardha,Wardha,Maharashtra,2007-08-05,Hypermarket,27322,MGR0389,20.725228,78.532612
ST00872,Dmart Thane - Mini-mart 872,Thane,Thane,Maharashtra,2015-07-21,Mini-mart,9441,MGR0079,19.273457,73.031726
ST00873,Dmart Osmanabad - Express 873,Osmanabad,Osmanabad,Maharashtra,2005-02-02,Express,4929,MGR0147,18.202051,75.975474
ST00874,Dmart Jalgaon - Mini-mart 874,Jalgaon,Jalgaon,Maharashtra,2015-05-02,Mini-mart,7814,MGR0305,20.989573,75.50369
ST00875,Dmart Chandrapur - Hypermarket 875,Chandrapur,Chandrapur,Maharashtra,2014-05-04,Hypermarket,55210,MGR0275,19.936173,79.22671
ST00876,Dmart Aurangabad (Chh. Sambhajinagar) - Hypermarket 876,Aurangabad (Chh. Sambhajinagar),Aurangabad,Maharashtra,2023-07-02,Hypermarket,36124,MGR0047,19.842199,75.36589
ST00877,Dmart Amravati - Mini-mart 877,Amravati,Amravati,Maharashtra,2020-03-08,Mini-mart,8478,MGR0382,20.887883,77.728909
ST00878,Dmart Nagpur - Hypermarket 878,Nagpur,Nagpur,Maharashtra,2019-02-13,Hypermarket,40576,MGR0256,21.163733,79.112226
ST00879,Dmart Akola - Mini-mart 879,Akola,Akola,Maharashtra,2020-09-21,Mini-mart,12600,MGR0322,20.735554,76.985553
ST00880,Dmart Raigad - Mini-mart 880,Raigad,Raigad,Maharashtra,2015-06-14,Mini-mart,7888,MGR0018,18.436431,73.25124
ST00881,Dmart Pimpri-Chinchwad - Mini-mart 881,Pimpri-Chinchwad,Pune,Maharashtra,2008-07-08,Mini-mart,14288,MGR0356,18.654181,73.816097
ST00882,Dmart Osmanabad - Mini-mart 882,Osmanabad,Osmanabad,Maharashtra,2017-12-11,Mini-mart,6080,MGR0170,18.168753,76.030398
ST00883,Dmart Beed - Express 883,Beed,Beed,Maharashtra,2016-05-27,Express,3973,MGR0149,18.978028,75.685974
ST00884,Dmart Bhandara - Express 884,Bhandara,Bhandara,Maharashtra,2018-03-03,Express,3811,MGR0291,21.201913,79.614106
ST00885,Dmart Yavatmal - Mini-mart 885,Yavatmal,Yavatmal,Maharashtra,2009-02-24,Mini-mart,6430,MGR0078,20.386555,78.047463
ST00886,Dmart Pune - Express 886,Pune,Pune,Maharashtra,2023-06-27,Express,2020,MGR0395,18.521347,73.856432
ST00887,Dmart Amravati - Hypermarket 887,Amravati,Amravati,Maharashtra,2021-09-11,Hypermarket,44557,MGR0158,20.903785,77.704623
ST00888,Dmart Pimpri-Chinchwad - Hypermarket 888,Pimpri-Chinchwad,Pune,Maharashtra,2011-05-18,Hypermarket,54611,MGR0239,18.589428,73.744564
ST00889,Dmart Wardha - Mini-mart 889,Wardha,Wardha,Maharashtra,2015-06-11,Mini-mart,9390,MGR0178,20.699857,78.612608
ST00890,Dmart Thane - Mini-mart 890,Thane,Thane,Maharashtra,2021-06-05,Mini-mart,11875,MGR0125,19.210659,72.9675
ST00891,Dmart Dhule - Mini-mart 891,Dhule,Dhule,Maharashtra,2020-03-12,Mini-mart,14667,MGR0141,20.836214,74.76222
ST00892,Dmart Nanded - Express 892,Nanded,Nanded,Maharashtra,2023-08-01,Express,3480,MGR0071,19.064253,77.36767
ST00893,Dmart Pimpri-Chinchwad - Hypermarket 893,Pimpri-Chinchwad,Pune,Maharashtra,2016-12-10,Hypermarket,30846,MGR0246,18.610382,73.853018
ST00894,Dmart Nagpur - Mini-mart 894,Nagpur,Nagpur,Maharashtra,2010-11-16,Mini-mart,8824,MGR0367,21.169942,79.025918
ST00895,Dmart Palghar - Hypermarket 895,Palghar,Palghar,Maharashtra,2013-02-18,Hypermarket,41876,MGR0022,19.729609,72.757926
ST00896,Dmart Sangli - Hypermarket 896,Sangli,Sangli,Maharashtra,2013-01-05,Hypermarket,54342,MGR0012,16.846211,74.536907
ST00897,Dmart Satara - Hypermarket 897,Satara,Satara,Maharashtra,2012-09-18,Hypermarket,45780,MGR0084,17.705527,74.058288
ST00898,Dmart Latur - Express 898,Latur,Latur,Maharashtra,2019-05-13,Express,2439,MGR0035,18.462981,76.570117
ST00899,Dmart Parbhani - Express 899,Parbhani,Parbhani,Maharashtra,2012-11-14,Express,2670,MGR0288,19.338965,76.825248
ST00900,Dmart Palghar - Hypermarket 900,Palghar,Palghar,Maharashtra,2011-10-26,Hypermarket,59686,MGR0258,19.661518,72.839824
ST00901,Dmart Nanded - Mini-mart 901,Nanded,Nanded,Maharashtra,2016-02-10,Mini-mart,13594,MGR0289,19.072519,77.351896
ST00902,Dmart Dhule - Mini-mart 902,Dhule,Dhule,Maharashtra,2021-02-09,Mini-mart,6318,MGR0338,20.976525,74.719331
ST00903,Dmart Pimpri-Chinchwad - Mini-mart 903,Pimpri-Chinchwad,Pune,Maharashtra,2011-09-24,Mini-mart,6593,MGR0196,18.645852,73.756644
ST00904,Dmart Aurangabad (Chh. Sambhajinagar) - Express 904,Aurangabad (Chh. Sambhajinagar),Aurangabad,Maharashtra,2016-08-11,Express,1884,MGR0074,19.931646,75.355947
ST00905,Dmart Solapur - Hypermarket 905,Solapur,Solapur,Maharashtra,2006-12-08,Hypermarket,39106,MGR0204,17.655018,75.945804
ST00906,Dmart Buldhana - Mini-mart 906,Buldhana,Buldhana,Maharashtra,2013-02-16,Mini-mart,11053,MGR0285,20.588885,76.245795
ST00907,Dmart Navi Mumbai - Mini-mart 907,Navi Mumbai,Thane,Maharashtra,2021-08-27,Mini-mart,9707,MGR0381,19.069328,73.028876
ST00908,Dmart Osmanabad - Express 908,Osmanabad,Osmanabad,Maharashtra,2006-10-11,Express,4717,MGR0173,18.149777,76.041881
ST00909,Dmart Sangli - Express 909,Sangli,Sangli,Maharashtra,2020-06-16,Express,3277,MGR0139,16.874705,74.584708
ST00910,Dmart Latur - Express 910,Latur,Latur,Maharashtra,2016-06-07,Express,2756,MGR0083,18.417344,76.592729
ST00911,Dmart Dhule - Hypermarket 911,Dhule,Dhule,Maharashtra,2011-09-23,Hypermarket,55840,MGR0114,20.856916,74.742274
ST00912,Dmart Wardha - Mini-mart 912,Wardha,Wardha,Maharashtra,2014-09-04,Mini-mart,13388,MGR0348,20.770671,78.642697
ST00913,Dmart Satara - Express 913,Satara,Satara,Maharashtra,2007-02-25,Express,2465,MGR0390,17.632762,73.960164
ST00914,Dmart Chandrapur - Mini-mart 914,Chandrapur,Chandrapur,Maharashtra,2012-08-02,Mini-mart,7780,MGR0303,20.008412,79.240982
ST00915,Dmart Mumbai - Express 915,Mumbai,Mumbai City,Maharashtra,2010-03-03,Express,2063,MGR0001,19.079941,72.828849
ST00916,Dmart Pune - Express 916,Pune,Pune,Maharashtra,2013-08-04,Express,2230,MGR0085,18.443281,73.898069
ST00917,Dmart Jalgaon - Express 917,Jalgaon,Jalgaon,Maharashtra,2022-02-03,Express,3370,MGR0180,20.960163,75.623085
ST00918,Dmart Satara - Mini-mart 918,Satara,Satara,Maharashtra,2018-09-12,Mini-mart,11587,MGR0313,17.613324,73.941903
ST00919,Dmart Amravati - Mini-mart 919,Amravati,Amravati,Maharashtra,2022-02-26,Mini-mart,7166,MGR0165,20.92806,77.717054
ST00920,Dmart Panvel - Mini-mart 920,Panvel,Raigad,Maharashtra,2007-07-24,Mini-mart,11793,MGR0126,19.046093,73.129502
ST00921,Dmart Osmanabad - Express 921,Osmanabad,Osmanabad,Maharashtra,2020-10-24,Express,4432,MGR0091,18.1305,76.072315
ST00922,Dmart Jalgaon - Mini-mart 922,Jalgaon,Jalgaon,Maharashtra,2007-04-02,Mini-mart,9278,MGR0114,21.006233,75.526368
ST00923,Dmart Solapur - Express 923,Solapur,Solapur,Maharashtra,2006-09-22,Express,3152,MGR0204,17.693959,75.862395
ST00924,Dmart Nagpur - Express 924,Nagpur,Nagpur,Maharashtra,2005-07-12,Express,2433,MGR0342,21.105724,79.125957
ST00925,Dmart Satara - Express 925,Satara,Satara,Maharashtra,2006-08-21,Express,2905,MGR0396,17.69145,73.956704
ST00926,Dmart Mumbai - Express 926,Mumbai,Mumbai City,Maharashtra,2014-03-12,Express,2982,MGR0139,19.11718,72.87214
ST00927,Dmart Bhandara - Express 927,Bhandara,Bhandara,Maharashtra,2018-11-25,Express,4909,MGR0102,21.192249,79.575387
ST00928,Dmart Solapur - Mini-mart 928,Solapur,Solapur,Maharashtra,2011-11-16,Mini-mart,11890,MGR0065,17.715561,75.828359
ST00929,Dmart Wardha - Mini-mart 929,Wardha,Wardha,Maharashtra,2009-08-19,Mini-mart,7652,MGR0366,20.717618,78.614882
ST00930,Dmart Chandrapur - Express 930,Chandrapur,Chandrapur,Maharashtra,2022-12-07,Express,1642,MGR0019,19.975701,79.308157
ST00931,Dmart Parbhani - Hypermarket 931,Parbhani,Parbhani,Maharashtra,2008-10-06,Hypermarket,52523,MGR0060,19.265511,76.797064
ST00932,Dmart Jalna - Hypermarket 932,Jalna,Jalna,Maharashtra,2006-12-07,Hypermarket,47793,MGR0180,19.768113,75.841534
ST00933,Dmart Pune - Express 933,Pune,Pune,Maharashtra,2010-01-01,Express,2559,MGR0205,18.453777,73.820551
ST00934,Dmart Latur - Express 934,Latur,Latur,Maharashtra,2014-06-14,Express,1677,MGR0069,18.348471,76.57433
ST00935,Dmart Thane - Express 935,Thane,Thane,Maharashtra,2008-03-05,Express,4623,MGR0369,19.221179,72.939514
ST00936,Dmart Navi Mumbai - Hypermarket 936,Navi Mumbai,Thane,Maharashtra,2005-09-26,Hypermarket,54602,MGR0112,19.091159,72.988146
ST00937,Dmart Navi Mumbai - Hypermarket 937,Navi Mumbai,Thane,Maharashtra,2007-05-12,Hypermarket,54395,MGR0341,18.976134,73.08977
ST00938,Dmart Wardha - Mini-mart 938,Wardha,Wardha,Maharashtra,2007-02-15,Mini-mart,10249,MGR0377,20.735409,78.632653
ST00939,Dmart Yavatmal - Mini-mart 939,Yavatmal,Yavatmal,Maharashtra,2019-11-08,Mini-mart,11598,MGR0280,20.393997,78.14363
ST00940,Dmart Solapur - Mini-mart 940,Solapur,Solapur,Maharashtra,2008-06-26,Mini-mart,8052,MGR0303,17.734926,75.979978
ST00941,Dmart Sangli - Mini-mart 941,Sangli,Sangli,Maharashtra,2009-03-10,Mini-mart,11494,MGR0192,16.813569,74.502059
ST00942,Dmart Mumbai - Express 942,Mumbai,Mumbai City,Maharashtra,2017-04-21,Express,3297,MGR0277,19.065568,72.926236
ST00943,Dmart Bhandara - Mini-mart 943,Bhandara,Bhandara,Maharashtra,2022-04-11,Mini-mart,13029,MGR0038,21.149847,79.574888
ST00944,Dmart Buldhana - Mini-mart 944,Buldhana,Buldhana,Maharashtra,2020-09-03,Mini-mart,9410,MGR0043,20.587759,76.136278
ST00945,Dmart Chandrapur - Hypermarket 945,Chandrapur,Chandrapur,Maharashtra,2012-04-12,Hypermarket,28800,MGR0204,19.899359,79.373747
ST00946,Dmart Osmanabad - Mini-mart 946,Osmanabad,Osmanabad,Maharashtra,2022-03-01,Mini-mart,7630,MGR0107,18.23536,76.005634
ST00947,Dmart Aurangabad (Chh. Sambhajinagar) - Mini-mart 947,Aurangabad (Chh. Sambhajinagar),Aurangabad,Maharashtra,2008-11-27,Mini-mart,11557,MGR0257,19.889482,75.295554
ST00948,Dmart Akola - Mini-mart 948,Akola,Akola,Maharashtra,2016-11-18,Mini-mart,11478,MGR0232,20.746995,76.970266
ST00949,Dmart Ahmednagar - Express 949,Ahmednagar,Ahmednagar,Maharashtra,2006-05-18,Express,4278,MGR0010,19.146121,74.702575
ST00950,Dmart Osmanabad - Mini-mart 950,Osmanabad,Osmanabad,Maharashtra,2005-01-09,Mini-mart,6840,MGR0011,18.252662,76.011721
ST00951,Dmart Osmanabad - Express 951,Osmanabad,Osmanabad,Maharashtra,2014-07-08,Express,3843,MGR0208,18.166307,76.057865
ST00952,Dmart Beed - Express 952,Beed,Beed,Maharashtra,2012-04-20,Express,2984,MGR0353,18.930826,75.816034
ST00953,Dmart Raigad - Express 953,Raigad,Raigad,Maharashtra,2023-06-03,Express,4321,MGR0077,18.570963,73.161001
ST00954,Dmart Aurangabad (Chh. Sambhajinagar) - Mini-mart 954,Aurangabad (Chh. Sambhajinagar),Aurangabad,Maharashtra,2017-09-02,Mini-mart,10328,MGR0055,19.86591,75.405972
ST00955,Dmart Ratnagiri - Mini-mart 955,Ratnagiri,Ratnagiri,Maharashtra,2007-11-14,Mini-mart,11283,MGR0237,17.046317,73.255631
ST00956,Dmart Kolhapur - Express 956,Kolhapur,Kolhapur,Maharashtra,2011-07-13,Express,4600,MGR0190,16.697171,74.172706
ST00957,Dmart Nashik - Express 957,Nashik,Nashik,Maharashtra,2005-04-20,Express,3096,MGR0137,19.937206,73.825286
ST00958,Dmart Panvel - Hypermarket 958,Panvel,Raigad,Maharashtra,2014-12-02,Hypermarket,44483,MGR0049,18.982758,73.116565
ST00959,Dmart Latur - Mini-mart 959,Latur,Latur,Maharashtra,2013-02-05,Mini-mart,11254,MGR0062,18.465816,76.530222
ST00960,Dmart Navi Mumbai - Mini-mart 960,Navi Mumbai,Thane,Maharashtra,2016-09-11,Mini-mart,9447,MGR0336,19.053034,73.021613
ST00961,Dmart Nanded - Mini-mart 961,Nanded,Nanded,Maharashtra,2006-02-09,Mini-mart,9527,MGR0170,19.120611,77.246531
ST00962,Dmart Solapur - Express 962,Solapur,Solapur,Maharashtra,2017-10-15,Express,3522,MGR0217,17.716553,75.953771
ST00963,Dmart Dhule - Express 963,Dhule,Dhule,Maharashtra,2022-08-06,Express,1551,MGR0317,20.877303,74.790671
ST00964,Dmart Pimpri-Chinchwad - Hypermarket 964,Pimpri-Chinchwad,Pune,Maharashtra,2023-02-10,Hypermarket,37674,MGR0040,18.647542,73.803838
ST00965,Dmart Parbhani - Mini-mart 965,Parbhani,Parbhani,Maharashtra,2013-04-01,Mini-mart,7678,MGR0311,19.335996,76.750134
ST00966,Dmart Nanded - Express 966,Nanded,Nanded,Maharashtra,2010-05-25,Express,4598,MGR0098,19.065335,77.335573
ST00967,Dmart Satara - Mini-mart 967,Satara,Satara,Maharashtra,2020-08-01,Mini-mart,11937,MGR0332,17.676633,74.06946
ST00968,Dmart Solapur - Mini-mart 968,Solapur,Solapur,Maharashtra,2021-06-25,Mini-mart,6795,MGR0390,17.662522,75.888028
ST00969,Dmart Nanded - Mini-mart 969,Nanded,Nanded,Maharashtra,2014-09-08,Mini-mart,7817,MGR0152,19.119763,77.339716
ST00970,Dmart Amravati - Mini-mart 970,Amravati,Amravati,Maharashtra,2006-06-18,Mini-mart,6766,MGR0287,20.978721,77.835002
ST00971,Dmart Sangli - Mini-mart 971,Sangli,Sangli,Maharashtra,2017-07-04,Mini-mart,6673,MGR0253,16.861284,74.625131
ST00972,Dmart Bhandara - Mini-mart 972,Bhandara,Bhandara,Maharashtra,2014-05-09,Mini-mart,14567,MGR0265,21.165691,79.632835
ST00973,Dmart Mumbai - Express 973,Mumbai,Mumbai City,Maharashtra,2006-12-19,Express,3342,MGR0170,19.122092,72.82457
ST00974,Dmart Ratnagiri - Mini-mart 974,Ratnagiri,Ratnagiri,Maharashtra,2018-07-11,Mini-mart,6936,MGR0077,17.01587,73.250415
ST00975,Dmart Pune - Express 975,Pune,Pune,Maharashtra,2023-12-09,Express,3803,MGR0196,18.445744,73.868599
ST00976,Dmart Sangli - Hypermarket 976,Sangli,Sangli,Maharashtra,2018-08-03,Hypermarket,44541,MGR0298,16.851427,74.600444
ST00977,Dmart Pune - Express 977,Pune,Pune,Maharashtra,2022-02-08,Express,2902,MGR0023,18.542188,73.934041
ST00978,Dmart Jalna - Express 978,Jalna,Jalna,Maharashtra,2006-09-04,Express,4967,MGR0136,19.857195,75.819163
ST00979,Dmart Satara - Mini-mart 979,Satara,Satara,Maharashtra,2012-12-10,Mini-mart,11231,MGR0398,17.65985,74.051777
ST00980,Dmart Dhule - Hypermarket 980,Dhule,Dhule,Maharashtra,2020-03-05,Hypermarket,39271,MGR0131,20.858603,74.712875
ST00981,Dmart Kolhapur - Express 981,Kolhapur,Kolhapur,Maharashtra,2006-04-13,Express,1798,MGR0211,16.681722,74.246117
ST00982,Dmart Yavatmal - Mini-mart 982,Yavatmal,Yavatmal,Maharashtra,2014-09-11,Mini-mart,12052,MGR0227,20.378865,78.096423
ST00983,Dmart Pimpri-Chinchwad - Mini-mart 983,Pimpri-Chinchwad,Pune,Maharashtra,2022-04-20,Mini-mart,14477,MGR0271,18.567195,73.729763
ST00984,Dmart Jalna - Mini-mart 984,Jalna,Jalna,Maharashtra,2018-12-20,Mini-mart,6842,MGR0382,19.829095,75.848692
ST00985,Dmart Beed - Mini-mart 985,Beed,Beed,Maharashtra,2014-04-27,Mini-mart,8494,MGR0026,18.942701,75.704807
ST00986,Dmart Pune - Express 986,Pune,Pune,Maharashtra,2021-08-15,Express,1548,MGR0379,18.498009,73.861036
ST00987,Dmart Yavatmal - Mini-mart 987,Yavatmal,Yavatmal,Maharashtra,2017-10-08,Mini-mart,6648,MGR0298,20.438152,78.198374
ST00988,Dmart Wardha - Express 988,Wardha,Wardha,Maharashtra,2015-08-12,Express,3609,MGR0296,20.785257,78.663919
ST00989,Dmart Raigad - Mini-mart 989,Raigad,Raigad,Maharashtra,2018-08-17,Mini-mart,6811,MGR0300,18.56236,73.16942
ST00990,Dmart Dhule - Mini-mart 990,Dhule,Dhule,Maharashtra,2011-04-14,Mini-mart,8007,MGR0364,20.873635,74.850861
ST00991,Dmart Yavatmal - Express 991,Yavatmal,Yavatmal,Maharashtra,2010-09-19,Express,3508,MGR0257,20.42188,78.185288
ST00992,Dmart Jalna - Hypermarket 992,Jalna,Jalna,Maharashtra,2009-09-26,Hypermarket,44721,MGR0198,19.848768,75.901853
ST00993,Dmart Palghar - Express 993,Palghar,Palghar,Maharashtra,2022-09-27,Express,4032,MGR0286,19.759357,72.780663
ST00994,Dmart Yavatmal - Hypermarket 994,Yavatmal,Yavatmal,Maharashtra,2013-09-01,Hypermarket,58847,MGR0191,20.354913,78.128406
ST00995,Dmart Pimpri-Chinchwad - Express 995,Pimpri-Chinchwad,Pune,Maharashtra,2011-03-22,Express,2748,MGR0230,18.613159,73.735044
ST00996,Dmart Raigad - Mini-mart 996,Raigad,Raigad,Maharashtra,2014-08-22,Mini-mart,13668,MGR0227,18.559578,73.160051
ST00997,Dmart Yavatmal - Express 997,Yavatmal,Yavatmal,Maharashtra,2020-01-20,Express,3464,MGR0328,20.340281,78.166166
ST00998,Dmart Mumbai - Express 998,Mumbai,Mumbai City,Maharashtra,2015-04-11,Express,4879,MGR0306,19.046697,72.898372
ST00999,Dmart Nashik - Hypermarket 999,Nashik,Nashik,Maharashtra,2015-01-26,Hypermarket,45921,MGR0052,19.958724,73.854913
ST01000,Dmart Solapur - Express 1000,Solapur,Solapur,Maharashtra,2021-09-15,Express,4434,MGR0157,17.718118,75.945128
ST01001,Dmart Akola - Express 1001,Akola,Akola,Maharashtra,2008-07-01,Express,3595,MGR0356,20.692914,77.058051
ST01002,Dmart Pune - Hypermarket 1002,Pune,Pune,Maharashtra,2015-01-25,Hypermarket,26884,MGR0390,18.44128,73.891604
ST01003,Dmart Osmanabad - Express 1003,Osmanabad,Osmanabad,Maharashtra,2014-01-15,Express,2835,MGR0011,18.19454,76.119774
ST01004,Dmart Jalgaon - Mini-mart 1004,Jalgaon,Jalgaon,Maharashtra,2016-02-06,Mini-mart,14335,MGR0209,21.023652,75.52277
ST01005,Dmart Wardha - Express 1005,Wardha,Wardha,Maharashtra,2016-03-08,Express,1503,MGR0084,20.685122,78.548776
ST01006,Dmart Jalgaon - Hypermarket 1006,Jalgaon,Jalgaon,Maharashtra,2009-11-06,Hypermarket,46906,MGR0370,21.033328,75.514183
ST01007,Dmart Akola - Hypermarket 1007,Akola,Akola,Maharashtra,2023-12-05,Hypermarket,27985,MGR0153,20.672327,77.009802
ST01008,Dmart Ahmednagar - Express 1008,Ahmednagar,Ahmednagar,Maharashtra,2015-05-27,Express,2274,MGR0172,19.03521,74.730852
ST01009,Dmart Kolhapur - Hypermarket 1009,Kolhapur,Kolhapur,Maharashtra,2010-05-12,Hypermarket,54985,MGR0069,16.626974,74.207035
ST01010,Dmart Pimpri-Chinchwad - Mini-mart 1010,Pimpri-Chinchwad,Pune,Maharashtra,2021-09-15,Mini-mart,7130,MGR0379,18.618122,73.832948
ST01011,Dmart Navi Mumbai - Hypermarket 1011,Navi Mumbai,Thane,Maharashtra,2012-07-07,Hypermarket,48286,MGR0318,19.02689,72.986139
ST01012,Dmart Dhule - Hypermarket 1012,Dhule,Dhule,Maharashtra,2019-10-07,Hypermarket,59771,MGR0335,20.951387,74.728207
ST01013,Dmart Palghar - Express 1013,Palghar,Palghar,Maharashtra,2009-04-04,Express,4109,MGR0073,19.6694,72.762175
ST01014,Dmart Yavatmal - Express 1014,Yavatmal,Yavatmal,Maharashtra,2022-09-01,Express,4191,MGR0106,20.385421,78.09407
ST01015,Dmart Navi Mumbai - Hypermarket 1015,Navi Mumbai,Thane,Maharashtra,2020-04-23,Hypermarket,33222,MGR0229,18.962968,72.992983
ST01016,Dmart Sangli - Mini-mart 1016,Sangli,Sangli,Maharashtra,2008-05-12,Mini-mart,14828,MGR0059,16.925667,74.595003
ST01017,Dmart Yavatmal - Mini-mart 1017,Yavatmal,Yavatmal,Maharashtra,2016-11-16,Mini-mart,12994,MGR0153,20.419204,78.077182
ST01018,Dmart Amravati - Mini-mart 1018,Amravati,Amravati,Maharashtra,2010-12-16,Mini-mart,11788,MGR0347,20.903934,77.859241
ST01019,Dmart Jalna - Mini-mart 1019,Jalna,Jalna,Maharashtra,2013-04-27,Mini-mart,13595,MGR0180,19.867494,75.827275
ST01020,Dmart Bhandara - Mini-mart 1020,Bhandara,Bhandara,Maharashtra,2015-02-14,Mini-mart,10162,MGR0093,21.20062,79.597096
ST01021,Dmart Satara - Express 1021,Satara,Satara,Maharashtra,2012-02-22,Express,4179,MGR0340,17.716336,73.992587
ST01022,Dmart Sangli - Express 1022,Sangli,Sangli,Maharashtra,2008-07-03,Express,3603,MGR0294,16.932282,74.594068
ST01023,Dmart Raigad - Express 1023,Raigad,Raigad,Maharashtra,2021-12-13,Express,4495,MGR0078,18.462274,73.196016
ST01024,Dmart Sangli - Mini-mart 1024,Sangli,Sangli,Maharashtra,2005-12-02,Mini-mart,9831,MGR0167,16.887269,74.532988
ST01025,Dmart Ahmednagar - Hypermarket 1025,Ahmednagar,Ahmednagar,Maharashtra,2009-07-05,Hypermarket,43709,MGR0294,19.119118,74.726943
ST01026,Dmart Pimpri-Chinchwad - Hypermarket 1026,Pimpri-Chinchwad,Pune,Maharashtra,2023-12-16,Hypermarket,25200,MGR0130,18.591216,73.789527
ST01027,Dmart Akola - Mini-mart 1027,Akola,Akola,Maharashtra,2005-05-27,Mini-mart,8045,MGR0104,20.672189,76.954273
ST01028,Dmart Panvel - Mini-mart 1028,Panvel,Raigad,Maharashtra,2018-07-02,Mini-mart,10285,MGR0197,19.036756,73.190457
ST01029,Dmart Satara - Express 1029,Satara,Satara,Maharashtra,2019-09-03,Express,3966,MGR0150,17.655525,73.939202
ST01030,Dmart Chandrapur - Mini-mart 1030,Chandrapur,Chandrapur,Maharashtra,2016-07-02,Mini-mart,14981,MGR0017,19.909284,79.315838
ST01031,Dmart Panvel - Express 1031,Panvel,Raigad,Maharashtra,2023-08-15,Express,3805,MGR0326,18.920322,73.148042
ST01032,Dmart Jalna - Mini-mart 1032,Jalna,Jalna,Maharashtra,2009-03-12,Mini-mart,7688,MGR0080,19.844805,75.8281
ST01033,Dmart Jalgaon - Hypermarket 1033,Jalgaon,Jalgaon,Maharashtra,2009-04-24,Hypermarket,48075,MGR0077,21.085886,75.531079
ST01034,Dmart Pune - Hypermarket 1034,Pune,Pune,Maharashtra,2019-08-16,Hypermarket,32772,MGR0312,18.498732,73.876855
ST01035,Dmart Nanded - Express 1035,Nanded,Nanded,Maharashtra,2006-04-13,Express,3491,MGR0281,19.18951,77.315471
ST01036,Dmart Yavatmal - Express 1036,Yavatmal,Yavatmal,Maharashtra,2021-10-27,Express,2189,MGR0240,20.39437,78.12263
ST01037,Dmart Amravati - Mini-mart 1037,Amravati,Amravati,Maharashtra,2016-01-09,Mini-mart,12023,MGR0179,21.002687,77.813478
ST01038,Dmart Sangli - Express 1038,Sangli,Sangli,Maharashtra,2022-07-06,Express,4393,MGR0009,16.862389,74.510234
ST01039,Dmart Bhandara - Mini-mart 1039,Bhandara,Bhandara,Maharashtra,2017-05-08,Mini-mart,9279,MGR0344,21.233738,79.575467
ST01040,Dmart Jalna - Express 1040,Jalna,Jalna,Maharashtra,2006-05-10,Express,4148,MGR0263,19.858945,75.924764
ST01041,Dmart Nagpur - Hypermarket 1041,Nagpur,Nagpur,Maharashtra,2019-02-04,Hypermarket,50153,MGR0373,21.211967,79.135786
ST01042,Dmart Palghar - Mini-mart 1042,Palghar,Palghar,Maharashtra,2008-05-06,Mini-mart,13789,MGR0107,19.749529,72.708512
ST01043,Dmart Chandrapur - Express 1043,Chandrapur,Chandrapur,Maharashtra,2005-01-17,Express,3904,MGR0363,19.984393,79.28911
ST01044,Dmart Parbhani - Express 1044,Parbhani,Parbhani,Maharashtra,2011-07-22,Express,3169,MGR0181,19.202015,76.805931
ST01045,Dmart Parbhani - Mini-mart 1045,Parbhani,Parbhani,Maharashtra,2015-04-04,Mini-mart,8077,MGR0161,19.289281,76.729822
ST01046,Dmart Panvel - Express 1046,Panvel,Raigad,Maharashtra,2005-06-19,Express,4897,MGR0131,18.916997,73.043396
ST01047,Dmart Ahmednagar - Express 1047,Ahmednagar,Ahmednagar,Maharashtra,2015-05-05,Express,4057,MGR0387,19.083801,74.713887
ST01048,Dmart Ratnagiri - Hypermarket 1048,Ratnagiri,Ratnagiri,Maharashtra,2013-05-08,Hypermarket,39922,MGR0263,16.976648,73.364277
ST01049,Dmart Nashik - Mini-mart 1049,Nashik,Nashik,Maharashtra,2017-11-04,Mini-mart,6271,MGR0219,19.963108,73.850268
ST01050,Dmart Aurangabad (Chh. Sambhajinagar) - Mini-mart 1050,Aurangabad (Chh. Sambhajinagar),Aurangabad,Maharashtra,2005-05-20,Mini-mart,12544,MGR0191,19.838491,75.284113
